Name,RA,Dec,Object Type ,RA (deg),Dec (deg)
V1033 Cen ,11:41:22.71,-64:10:14.60,am ,175.34462499999998,-64.17072222222222
MT Cen ,11:44:00.50,-60:33:34.00,n ,176.0020833333333,-60.559444444444445
SW Crt ,11:52:25.45,-24:31:01.20,non-cv ,178.10604166666667,-24.517
V1040 Cen ,11:55:26.72,-56:41:52.00,ugsu ,178.8613333333333,-56.69777777777777
LZ Mus ,11:56:08.96,-65:34:20.70,na ,179.03733333333332,-65.57241666666667
V359 Cen ,11:58:15.33,-41:46:08.40,ugsu ,179.56387499999997,-41.769
Crv ,11:58:34.51,-22:33:33.50,cv ,179.64379166666666,-22.559305555555557
V395 Hya ,12:01:24.38,-31:59:26.80,ux ,180.35158333333334,-31.99077777777778
DI Cru ,12:05:18.73,-62:03:10.20,nlv ,181.32804166666665,-62.05283333333333
CP Cru ,12:10:31.33,-61:45:09.70,na ,182.63054166666663,-61.752694444444444
MU Cen ,12:12:53.88,-44:28:16.10,ugSS ,183.22449999999995,-44.47113888888889
TV Crv ,12:20:24.17,-18:27:01.90,ugsu ,185.10070833333333,-18.450527777777776
Cru ,12:23:16.20,-60:22:34.00,n ,185.81749999999997,-60.376111111111115
V373 Cen ,12:26:05.04,-45:49:30.10,ug ,186.521,-45.825027777777784
AP Cru ,12:31:20.43,-64:26:24.70,n/dq ,187.835125,-64.44019444444444
V1025 Cen ,12:38:16.38,-38:42:46.00,dq ,189.56824999999998,-38.71277777777778
Hya ,12:39:58.78,-30:29:15.70,UG ,189.99491666666665,-30.487694444444447
V591 Cen ,12:42:18.10,-33:34:10.40,non-cv ,190.57541666666665,-33.56955555555556
EX Hya ,12:52:24.22,-29:14:56.00,ug/dq ,193.10091666666665,-29.24888888888889
LW Hya ,12:53:32.86,-22:52:22.30,non-cv ,193.38691666666662,-22.87286111111111
V485 Cen ,12:57:23.22,-33:12:05.60,ugsu ,194.34674999999996,-33.20155555555556
Cen ,13:00:29.07,-30:52:56.60,cv ,195.12112499999998,-30.88238888888889
V888 Cen ,13:02:31.80,-60:11:36.00,na ,195.63249999999996,-60.19333333333333
V396 Hya ,13:12:46.44,-23:21:32.70,ibwd ,198.19349999999997,-23.359083333333334
WX Cen ,13:12:52.38,-63:23:45.90,nlv ,198.21824999999995,-63.39608333333333
V1043 Cen ,13:13:17.14,-32:59:12.20,am ,198.32141666666666,-32.98672222222223
V812 Cen ,13:13:54.30,-57:40:44.00,n ,198.47624999999996,-57.678888888888885
NN Cen ,13:14:15.38,-60:52:44.40,ugss ,198.5640833333333,-60.879
V840 Cen ,13:20:49.25,-55:50:12.80,non-cv ,200.20520833333333,-55.83688888888889
V1047 Cen ,13:20:49.74,-62:37:50.50,n ,200.20725,-62.630694444444444
V803 Cen ,13:23:44.54,-41:44:29.70,ibwd ,200.9355833333333,-41.74158333333333
Cen ,13:26:26.61,-47:26:35.10,ug ,201.610875,-47.44308333333333
Cen ,13:26:38.26,-47:19:57.00,cv ,201.65941666666666,-47.3325
Cen ,13:26:52.10,-47:29:36.20,cv ,201.7170833333333,-47.49338888888889
Cen ,13:26:53.50,-47:29:01.00,cv ,201.72291666666663,-47.48361111111111
BV Cen ,13:31:19.48,-54:58:33.50,ug ,202.83116666666666,-54.975972222222225
LY Hya ,13:31:53.86,-29:40:59.40,ug ,202.97441666666666,-29.68316666666667
Mus ,13:35:29.91,-64:45:42.60,non-cv ,203.87462499999998,-64.76183333333333
V890 Cen ,13:49:31.80,-47:54:40.00,nl ,207.38249999999996,-47.91111111111111
V868 Cen ,13:50:10.60,-63:08:52.00,n ,207.54416666666665,-63.147777777777776
V891 Cen ,13:50:29.20,-48:02:50.00,nl ,207.62166666666664,-48.04722222222222
V1039 Cen ,13:55:41.23,-64:15:57.10,na ,208.92179166666665,-64.26586111111111
BW Cir ,13:58:09.92,-64:44:04.90,non-cv ,209.5413333333333,-64.73469444444444
V834 Cen ,14:09:07.30,-45:17:16.20,am ,212.28041666666664,-45.28783333333333
V504 Cen ,14:12:49.10,-40:21:36.80,vy ,213.2045833333333,-40.36022222222223
Cir ,14:13:12.30,-65:20:13.00,am ,213.30124999999998,-65.33694444444444
V895 Cen ,14:29:27.22,-38:04:09.50,am ,217.3634166666666,-38.06930555555556
GY Hya ,14:30:30.47,-25:52:38.00,ug ,217.6269583333333,-25.877222222222223
HY Lup ,14:31:50.21,-51:10:32.30,n ,217.95920833333332,-51.175638888888884
V842 Cen ,14:35:52.55,-57:37:35.30,n ,218.96895833333332,-57.626472222222226
X Cir ,42:44.00,-65:12:27.00,nb ,,
BY Cir ,14:44:53.46,-63:53:55.80,n ,221.22274999999996,-63.898833333333336
AR Cir ,14:48:09.53,-60:00:27.50,n ,222.03970833333332,-60.00763888888889
Lib3 ,14:50:38.62,-24:22:50.00,ux ,222.66091666666665,-24.380555555555556
EK TrA ,15:14:00.90,-65:05:35.00,ugsu ,228.50374999999994,-65.09305555555555
DE Cir ,15:17:52.48,-61:57:16.40,n ,229.46866666666662,-61.95455555555556
GW Lib ,15:19:55.43,-25:00:25.30,ugwz ,229.98095833333332,-25.00702777777778
IL Nor ,15:29:23.12,-50:35:00.00,nb ,232.3463333333333,-50.583333333333336
BR Lup ,35:53.00,-40:34:06.00,ugsu ,,
IM Nor ,15:39:26.47,-52:19:18.00,nrb ,234.86029166666663,-52.32166666666667
V344 Nor ,15:40:30.58,-51:12:55.50,non-cv ,235.12741666666662,-51.21541666666667
Lup ,15:48:14.59,-45:28:40.50,dq ,237.06079166666666,-45.477916666666665
AB Nor ,15:49:15.48,-43:04:48.70,ugsu ,237.31449999999998,-43.080194444444444
Nor ,16:00:47.43,-48:46:07.60,ugwz ,240.197625,-48.76877777777778
V345 Nor ,16:06:44.59,-52:03:01.90,non-cv ,241.6857916666667,-52.05052777777777
V341 Nor ,16:13:44.40,-53:19:08.00,n ,243.43499999999995,-53.31888888888889
V893 Sco ,16:15:14.98,-28:37:32.10,ug ,243.81241666666662,-28.625583333333335
Sco ,16:16:59.80,-22:58:18.00,ug ,244.2491666666666,-22.971666666666664
Sco ,16:17:01.60,-22:58:28.00,cv ,244.25666666666666,-22.974444444444444
Sco ,16:17:02.01,-22:58:33.00,cv ,244.258375,-22.97583333333333
Sco ,16:17:02.10,-22:58:31.80,cv ,244.25875000000002,-22.975499999999997
Sco ,16:17:02.20,-22:58:37.90,ug ,244.2591666666667,-22.977194444444443
Sco ,16:17:02.58,-22:58:36.50,cv ,244.26074999999997,-22.976805555555554
T Sco ,16:17:02.83,-22:58:31.30,n ,244.26179166666665,-22.97536111111111
V382 Nor ,16:19:44.74,-51:34:53.10,n ,244.93641666666662,-51.58141666666667
HP Nor ,16:20:49.58,-54:53:23.00,ugz ,245.2065833333333,-54.88972222222222
U Sco ,16:22:30.81,-17:52:44.10,nrb ,245.62837499999998,-17.87891666666667
Sco ,16:23:34.13,-26:31:34.90,cv ,245.8922083333333,-26.52636111111111
Sco ,16:23:34.32,-26:30:39.30,cv ,245.89299999999997,-26.510916666666667
Sco ,16:23:46.40,-26:31:15.70,qso/cv ,245.94333333333327,-26.52102777777778
PZ Nor ,16:24:45.87,-57:14:04.20,non-cv ,246.19112499999994,-57.234500000000004
IK Nor ,25:29.00,-55:20:01.00,ug ,,
TU Oph ,16:26:39.22,-22:18:58.60,non-cv ,246.66341666666668,-22.316277777777778
KQ Nor ,16:27:33.16,-59:19:56.90,non-cv ,246.88816666666662,-59.33247222222222
Sco1 ,16:28:08.70,-38:48:43.00,cv ,247.0362499999999,-38.81194444444444
FL TrA ,16:30:36.61,-61:50:21.00,ugsu ,247.65254166666662,-61.83916666666667
LR Nor ,16:33:53.65,-56:27:59.30,non-cv ,248.47354166666665,-56.46647222222222
OY Ara ,16:40:50.27,-52:25:51.30,na ,250.20945833333332,-52.43091666666666
AC Sco ,16:46:45.91,-27:24:25.20,non-cv ,251.69129166666661,-27.407
V663 Ara ,16:46:57.71,-55:41:21.20,ugsu ,251.7404583333333,-55.68922222222222
AF Sco ,16:50:25.58,-25:33:37.50,non-cv ,252.60658333333328,-25.56041666666667
DV Sco ,16:50:27.93,-28:07:58.60,ugsu ,252.61637499999998,-28.132944444444444
V840 Oph ,16:54:43.92,-29:37:26.80,na ,253.68299999999994,-29.624111111111112
V422 Ara ,16:59:18.86,-61:43:30.90,non-cv ,254.82858333333334,-61.72525
V433 Ara ,17:00:06.06,-57:51:52.10,nl/ugz ,255.02524999999994,-57.864472222222226
V1195 Oph ,17:00:21.68,-20:53:33.80,ugsu ,255.0903333333333,-20.892722222222222
V1235 Oph ,17:01:49.99,-20:21:00.50,n or uv ,255.45829166666664,-20.35013888888889
V598 Sco ,17:02:46.52,-34:40:28.40,non-cv ,255.69383333333334,-34.67455555555555
V601 Sco ,17:04:05.34,-36:43:33.80,ug ,256.02225,-36.726055555555554
V1326 Oph ,17:05:02.30,-18:59:29.30,UG ,256.2595833333333,-18.991472222222225
V992 Sco ,17:07:17.44,-43:15:21.60,na ,256.82266666666663,-43.256
V455 Sco ,17:07:21.71,-34:05:14.20,non-cv ,256.8404583333333,-34.08727777777778
FQ Sco ,17:08:04.49,-32:42:01.80,ugSS ,257.0187083333333,-32.700500000000005
V2051 Oph ,17:08:19.09,-25:48:30.80,ugsu ,257.0795416666666,-25.808555555555557
V2101 Oph ,17:09:38.05,-27:18:56.20,non-cv ,257.4085416666666,-27.31561111111111
V2214 Oph ,17:12:01.58,-29:37:33.30,nb/am ,258.0065833333333,-29.62591666666667
V2400 Oph ,17:12:36.43,-24:14:44.70,dq ,258.1517916666666,-24.24575
V1186 Sco ,17:12:51.28,-30:56:37.60,nb ,258.2136666666666,-30.94377777777778
V499 Ara ,17:14:39.36,-58:53:51.10,ug ,258.664,-58.897527777777775
V877 Ara ,17:16:53.89,-65:32:51.50,ugsu ,259.2245416666666,-65.54763888888888
V2573 Oph ,17:19:14.09,-27:22:35.20,n ,259.8087083333333,-27.376444444444445
V2264 Oph ,17:20:20.83,-26:46:26.30,na ,260.0867916666666,-26.77397222222222
V729 Sco ,17:22:02.66,-32:05:48.80,n or m ,260.5110833333333,-32.09688888888889
V2527 Oph ,17:22:04.37,-19:49:08.50,ugsu ,260.5182083333333,-19.819027777777777
V2109 Oph ,17:24:15.93,-24:36:50.20,n ,261.066375,-24.613944444444446
BB Oph ,17:24:30.02,-24:48:06.10,n ,261.1250833333333,-24.801694444444447
V2295 Oph ,17:25:06.41,-23:11:11.10,na ,261.2767083333333,-23.186416666666666
V478 Sco ,17:25:58.54,-35:32:31.80,ug ,261.4939166666666,-35.54216666666667
V902 Sco ,17:26:08.30,-39:04:05.00,nb ,261.5345833333333,-39.06805555555556
V906 Oph ,17:26:09.70,-21:54:28.00,na ,261.54041666666666,-21.907777777777778
Sco ,17:26:28.89,-39:43:07.90,ug ,261.62037499999997,-39.71886111111111
Sco ,17:27:02.76,-40:09:12.10,ugsu ,261.76149999999996,-40.15336111111111
V908 Oph ,17:27:51.00,-27:45:00,n ,261.9625,-27.75
Sco ,17:29:07.69,-40:05:21.40,ug ,262.28204166666666,-40.08927777777778
V1187 Sco ,17:29:18.81,-31:46:01.50,n ,262.328375,-31.767083333333332
Sco ,17:29:29.75,-40:01:09.90,ug ,262.3739583333333,-40.019416666666665
Sco ,17:29:31.98,-40:20:48.60,ug ,262.38325,-40.346833333333336
AT Ara ,17:30:33.79,-46:05:58.10,ugSS ,262.64079166666664,-46.099472222222225
MM Sco ,17:30:45.23,-42:11:41.60,ugsu ,262.6884583333333,-42.19488888888888
V2487 Oph ,17:31:59.80,-19:13:56.00,na ,262.9991666666666,-19.23222222222222
V972 Oph ,17:34:44.48,-28:10:35.50,nb ,263.6853333333333,-28.17652777777778
FV Ara ,17:35:10.06,-63:02:50.70,ug ,263.7919166666666,-63.04741666666666
V2313 Oph ,17:35:44.61,-19:19:34.10,na ,263.93587499999995,-19.326138888888888
Ara ,17:37:00.76,-54:25:50.70,non-cv ,264.25316666666663,-54.430749999999996
BF Ara ,17:38:21.32,-47:10:41.10,ugsu ,264.5888333333333,-47.17808333333333
V2574 Oph ,17:38:45.51,-23:28:18.60,n ,264.689625,-23.471833333333333
V794 Oph ,17:38:49.23,-22:50:48.90,nb ,264.70512499999995,-22.846916666666665
V728 Sco ,17:39:12.30,-45:28:45.00,n ,264.8012499999999,-45.47916666666667
V733 Sco ,17:39:42.98,-35:52:38.40,n or m ,264.92908333333327,-35.87733333333333
Ara ,17:40:34.21,-53:41:15.80,cv ,265.14254166666666,-53.68772222222222
Ara ,17:40:38.86,-53:39:51.50,non-cv ,265.1619166666666,-53.66430555555555
Ara ,17:40:40.93,-53:40:25.20,cv ,265.1705416666666,-53.67366666666666
Ara ,17:40:41.43,-53:40:17.50,cv ,265.172625,-53.671527777777776
Ara ,17:40:41.67,-53:40:19.50,ug/dq ,265.173625,-53.67208333333333
Ara ,17:40:41.88,-53:40:26.30,cv ,265.17449999999997,-53.67397222222222
Ara ,17:40:42.15,-53:40:26.70,ug/dq ,265.175625,-53.67408333333333
Ara ,17:40:42.21,-53:40:28.70,ug/cv ,265.17587499999996,-53.674638888888886
Ara ,17:40:42.24,-53:40:30.90,cv ,265.176,-53.67525
Ara ,17:40:42.48,-53:40:17.40,ug/dq ,265.177,-53.671499999999995
Ara ,17:40:42.56,-53:40:25.70,cv ,265.1773333333333,-53.67380555555555
Ara ,17:40:42.98,-53:40:12.60,cv ,265.1790833333333,-53.67016666666667
Ara ,17:40:44.05,-53:40:39.60,cv ,265.18354166666666,-53.67766666666667
Ara ,17:40:45.74,-53:40:42.00,cv ,265.19058333333334,-53.67833333333333
Ara ,17:40:47.82,-53:41:27.70,cv ,265.19925,-53.69102777777778
Ara ,17:40:48.95,-53:39:48.90,cv ,265.20395833333333,-53.663583333333335
Ara ,17:40:52.81,-53:41:21.90,cv ,265.22004166666665,-53.689416666666666
AE Ara ,17:41:04.91,-47:03:27.30,non-cv ,265.2704583333333,-47.05758333333333
V1012 Oph ,17:41:34.38,-23:23:33.10,n ,265.39324999999997,-23.392527777777776
V2024 Oph ,42:21.00,-24:59:00,n ,,
V721 Sco ,17:42:29.09,-34:40:41.50,n ,265.6212083333333,-34.67819444444444
V553 Oph ,17:42:53.50,-24:51:26.20,na ,265.7229166666666,-24.857277777777778
V2290 Oph ,17:43:05.50,-20:06:55.00,na ,265.7729166666666,-20.11527777777778
V2110 Oph ,17:43:33.38,-22:45:35.30,nb/z an ,265.8890833333333,-22.759805555555555
V916 Sco ,17:43:54.61,-36:03:27.00,non-cv ,265.97754166666664,-36.0575
KP Sco ,17:44:16.47,-35:43:23.60,na ,266.068625,-35.723222222222226
V1188 Sco ,17:44:21.59,-34:16:35.70,n ,266.08995833333336,-34.276583333333335
V734 Sco ,17:45:02.37,-35:38:07.00,n or m ,266.25987499999997,-35.63527777777778
Sgr ,17:45:08.60,-25:44:01.00,n ,266.2858333333333,-25.733611111111113
Sgr ,17:45:32.70,-29:05:52.00,am ,266.38624999999996,-29.097777777777775
V719 Sco ,17:45:43.80,-34:00:54.20,na ,266.43249999999995,-34.015055555555556
Sgr ,17:46:37.38,-22:45:08.60,ug ,266.65574999999995,-22.752388888888888
Sco ,17:46:47.20,-36:39:51.40,ug ,266.69666666666666,-36.66427777777778
Sco ,17:47:16.32,-35:01:38.80,ug ,266.81800000000004,-35.02744444444444
V4744 Sgr ,17:47:21.63,-23:28:21.40,na ,266.840125,-23.47261111111111
Sgr ,17:47:32.94,-23:27:23.90,ugsu ,266.88725,-23.45663888888889
Sco ,47:38.00,-33:11:55.00,n ,,
Sco ,17:47:54.19,-35:24:36.60,ug ,266.9757916666667,-35.41016666666667
Sgr ,17:48:03.54,-24:46:49.20,cv ,267.01475,-24.78033333333333
Sgr ,17:48:04.06,-24:46:40.50,cv ,267.01691666666665,-24.777916666666666
Sgr ,17:48:04.21,-24:46:41.70,cv ,267.0175416666666,-24.77825
Sgr ,17:48:04.37,-24:47:03.70,cv ,267.0182083333333,-24.784361111111114
Sgr ,17:48:04.40,-24:46:38.10,cv ,267.0183333333333,-24.77725
Sco ,17:48:25.57,-36:47:49.10,ug ,267.10654166666666,-36.79697222222222
V707 Sco ,17:48:26.38,-36:37:54.90,na ,267.10991666666666,-36.63191666666667
V722 Sco ,48:37.00,-34:57:50.00,na ,,
Sco ,17:48:38.54,-37:20:49.80,ug ,267.1605833333333,-37.347166666666666
V3888 Sgr ,17:48:40.55,-18:45:36.80,n ,267.1689583333333,-18.76022222222222
Sgr ,17:48:51.87,-20:21:33.90,cv ,267.216125,-20.359416666666668
Sgr ,17:48:51.99,-20:21:46.60,cv ,267.21662499999996,-20.362944444444445
Sgr ,17:48:52.08,-20:21:23.60,cv ,267.217,-20.356555555555556
Sgr ,17:48:52.31,-20:21:34.30,cv ,267.21795833333334,-20.359527777777778
Sgr ,17:48:52.43,-20:21:38.50,cv ,267.21845833333333,-20.360694444444444
Sgr ,17:48:52.54,-20:21:34.70,cv ,267.21891666666664,-20.35963888888889
Sgr ,17:48:52.58,-20:21:32.60,cv ,267.2190833333333,-20.359055555555557
Sgr ,17:48:52.68,-20:21:36.70,cv ,267.2195,-20.360194444444446
Sgr ,17:48:52.71,-20:21:38.20,cv ,267.21962499999995,-20.360611111111112
Sgr ,17:48:52.73,-20:21:41.60,cv ,267.2197083333333,-20.361555555555558
Sgr ,17:48:52.85,-20:21:33.60,cv/lmxb ,267.2202083333333,-20.359333333333336
Sgr ,17:48:52.87,-20:21:31.30,cv ,267.22029166666664,-20.358694444444446
Sgr ,17:48:52.89,-20:21:35.50,cv ,267.220375,-20.359861111111112
Sgr ,17:48:52.90,-20:21:49.90,cv ,267.22041666666667,-20.363861111111113
Sgr ,17:48:52.94,-20:21:39.60,cv ,267.2205833333333,-20.361
Sgr ,17:48:53.12,-20:21:27.00,cv ,267.22133333333335,-20.3575
Sgr ,17:48:53.21,-20:21:33.40,cv ,267.2217083333333,-20.35927777777778
Sgr ,17:48:53.23,-20:21:44.00,cv ,267.22179166666666,-20.362222222222222
Sgr ,17:48:53.32,-20:21:41.70,cv/lmxb ,267.2221666666666,-20.361583333333336
V1274 Sgr ,48:55.00,-17:52:00,n/sn ,,
V3964 Sgr ,17:49:42.55,-17:23:35.40,na ,267.42729166666663,-17.393166666666666
V825 Sco ,17:49:53.65,-33:32:13.70,n ,267.4735416666666,-33.53713888888889
V723 Sco ,17:50:05.20,-35:23:57.80,na/nra ,267.52166666666665,-35.399388888888886
V759 Sgr ,17:50:19.69,-27:25:02.40,ux/ug ,267.5820416666666,-27.417333333333335
V1172 Sgr ,17:50:23.55,-20:40:30.30,n ,267.598125,-20.675083333333333
Sgr ,17:50:36.09,-30:01:46.60,na ,267.65037499999994,-30.02961111111111
Sco ,17:50:36.66,-32:55:25.80,ug ,267.65274999999997,-32.923833333333334
Sco ,17:50:59.96,-33:33:37.50,ug ,267.7498333333333,-33.56041666666666
V697 Sco ,17:51:21.83,-37:24:55.20,na/dq ,267.84095833333333,-37.41533333333333
V977 Sco ,17:51:50.35,-32:32:00.10,n ,267.95979166666666,-32.53336111111111
V382 Sco ,17:51:56.13,-35:25:05.40,n ,267.98387499999995,-35.418166666666664
V720 Sco ,51:58.00,-35:23:22.00,n ,,
Sco ,17:51:59.68,-32:49:09.10,ug ,267.9986666666666,-32.81919444444445
KW Sgr ,17:52:00.80,-28:01:21.00,non-cv ,268.00333333333333,-28.022499999999997
Sco ,17:52:27.08,-32:59:09.90,ug ,268.1128333333333,-32.98608333333333
V4334 Sgr ,17:52:32.69,-17:41:07.70,non-cv ,268.13620833333334,-17.685472222222224
V696 Sco ,17:53:11.51,-35:50:15.40,na ,268.2979583333333,-35.837611111111116
V2415 Sgr ,53:12.00,-29:34:25.00,n ,,
V744 Sco ,17:53:18.08,-31:13:35.10,n ,268.32533333333333,-31.226416666666665
Sco ,53:40.00,-30:45:32.00,n ,,
Sgr ,17:53:40.45,-29:33:44.10,ug ,268.4185416666666,-29.562250000000002
V4092 Sgr ,17:53:41.99,-29:02:08.40,n ,268.42495833333334,-29.035666666666668
Sgr ,17:53:47.73,-29:44:37.90,ugsu ,268.44887499999993,-29.743861111111112
V711 Sco ,54:06.00,-34:21:16.00,n ,,
Sco ,54:11.00,-30:48:51.00,non-ex ,,
V1141 Sco ,17:54:11.20,-30:02:52.00,n ,268.5466666666666,-30.047777777777778
V4643 Sgr ,17:54:40.46,-26:14:15.20,na ,268.6685833333333,-26.237555555555556
Sgr ,54:43.00,-28:41:41.00,n ,,
Sgr ,17:55:05.98,-29:20:32.70,cv ,268.7749166666667,-29.342416666666665
V4642 Sgr ,17:55:09.84,-19:46:01.00,na ,268.79099999999994,-19.766944444444444
V745 Sco ,17:55:22.25,-33:14:59.50,nra ,268.84270833333335,-33.24986111111111
V1142 Sco ,17:55:24.99,-31:01:41.50,na ,268.85412499999995,-31.028194444444445
V732 Sgr ,17:56:07.49,-27:22:17.90,na ,269.03120833333327,-27.37163888888889
Sco ,17:56:21.61,-31:05:41.80,ug ,269.09004166666665,-31.094944444444444
V960 Sco ,17:56:34.14,-31:49:36.30,n ,269.14224999999993,-31.82675
Sco ,17:56:45.15,-30:43:03.20,ug ,269.18812499999996,-30.717555555555553
V1178 Sco ,17:57:06.92,-32:23:05.00,na ,269.2788333333333,-32.38472222222222
Sgr ,17:57:08.68,-35:15:38.40,non-cv ,269.28616666666665,-35.260666666666665
V990 Sgr ,57:19.00,-28:19:07.00,na ,,
Sco ,17:57:52.03,-31:05:10.20,ugsu ,269.4667916666666,-31.086166666666667
V3889 Sgr ,17:58:21.32,-28:21:52.70,na ,269.58883333333324,-28.36463888888889
Sgr ,17:58:32.45,-27:52:44.40,ug ,269.63520833333325,-27.879
Sgr ,17:58:53.58,-29:18:59.70,ug ,269.72324999999995,-29.316583333333334
V2435 Sgr ,17:58:54.98,-29:00:37.80,non-cv ,269.7290833333333,-29.0105
V1275 Sgr ,17:59:06.31,-36:18:40.60,na ,269.7762916666667,-36.311277777777775
Sgr ,17:59:16.52,-42:35:07.00,ugsu ,269.8188333333333,-42.58527777777778
V4338 Sgr ,17:59:18.17,-29:09:52.90,ug ,269.82570833333335,-29.164694444444443
V2446 Sgr ,17:59:23.31,-29:02:16.70,non-cv ,269.84712499999995,-29.037972222222223
V4683 Sgr ,17:59:39.61,-25:13:30.30,non-cv ,269.9150416666667,-25.22508333333333
V4135 Sgr ,17:59:45.08,-32:16:20.80,n ,269.93783333333334,-32.272444444444446
V2468 Sgr ,17:59:48.54,-29:01:03.70,UG ,269.95225,-29.017694444444444
V735 Sgr ,17:59:51.82,-29:33:55.90,ugz ,269.96591666666666,-29.565527777777778
V4741 Sgr ,17:59:59.63,-30:53:20.50,na ,269.9984583333333,-30.889027777777777
Sgr ,18:00:01.22,-29:50:38.50,ug ,270.00508333333335,-29.844027777777775
Sgr ,18:00:01.25,-29:02:06.40,cv ,270.00520833333326,-29.035111111111114
V787 Sgr ,18:00:02.20,-30:30:30.90,na ,270.00916666666666,-30.508583333333334
V999 Sgr ,18:00:05.59,-27:33:14.00,nb ,270.02329166666664,-27.55388888888889
Sgr ,18:00:12.02,-30:05:15.90,ug ,270.05008333333325,-30.08775
V394 CrA ,18:00:25.97,-39:00:35.10,nrb ,270.10820833333327,-39.00975
FL Sgr ,18:00:30.20,-34:36:13.10,na ,270.1258333333333,-34.60363888888889
V1944 Sgr ,18:00:36.90,-27:17:12.00,n ,270.15374999999995,-27.28666666666667
V2493 Sgr ,18:00:40.93,-29:00:12.80,non-cv ,270.1705416666666,-29.003555555555554
Sgr ,18:00:51.55,-29:56:52.00,ugsu ,270.21479166666666,-29.947777777777777
V551 Sgr ,18:00:56.50,-34:35:45.00,ugsu ,270.23541666666665,-34.59583333333334
Sgr ,18:01:00.00,-28:24:18.20,ug ,270.24999999999994,-28.405055555555553
Sgr ,18:01:14.89,-28:36:24.00,ug ,270.31204166666663,-28.60666666666667
Sgr ,18:01:15.62,-27:27:47.20,ug ,270.3150833333333,-27.46311111111111
Sgr ,18:01:20.13,-28:25:57.30,ug ,270.333875,-28.432583333333334
KY Sgr ,18:01:20.90,-26:24:40.90,na ,270.3370833333333,-26.41136111111111
Sgr ,18:01:32.71,-28:52:23.90,ug ,270.3862916666666,-28.873305555555557
Sgr ,18:01:35.45,-29:07:30.60,ugsu ,270.3977083333333,-29.12516666666667
V1174 Sgr ,01:37.00,-28:44:26.00,n ,24.249999999999996,-28.740555555555556
V384 Sco ,18:01:43.15,-35:39:27.80,n ,270.4297916666666,-35.65772222222222
Sgr ,18:01:56.22,-27:22:55.20,n ,270.48425,-27.382
Sgr ,18:02:05.03,-28:18:33.30,ug ,270.52095833333334,-28.309250000000002
V4742 Sgr ,18:02:21.86,-25:20:32.20,na ,270.5910833333333,-25.342277777777777
Sgr ,18:02:25.95,-29:39:40.60,cv ,270.60812500000003,-29.661277777777777
V4027 Sgr ,18:02:29.21,-28:45:19.90,n ,270.62170833333334,-28.75552777777778
Sgr ,18:02:40.21,-29:19:20.10,cv ,270.66754166666664,-29.32225
Sgr ,18:02:51.70,-29:15:13.90,ug ,270.71541666666667,-29.25386111111111
Sgr ,18:03:01.33,-28:01:45.10,cv ,270.75554166666666,-28.029194444444443
V5099 Sgr ,18:03:06.09,-27:30:44.80,ugsu ,270.77537499999994,-27.512444444444444
Sgr ,18:03:24.67,-28:17:23.50,ug ,270.85279166666663,-28.28986111111111
V1431 Sgr ,18:03:29.61,-29:59:54.90,n ,270.87337499999995,-29.998583333333336
AT Sgr ,18:03:30.87,-26:28:28.50,na ,270.878625,-26.47458333333333
V4579 Sgr ,18:03:37.84,-28:00:07.50,nb ,270.9076666666666,-28.002083333333335
Sgr ,18:03:57.15,-27:52:42.90,ug ,270.98812499999997,-27.878583333333335
Sgr ,18:03:58.77,-28:47:39.30,ug ,270.994875,-28.79425
V1502 Sgr ,18:04:22.86,-30:06:47.10,non-cv ,271.09524999999996,-30.113083333333336
Sgr ,18:04:34.47,-30:05:11.60,ug ,271.143625,-30.086555555555556
Sgr ,18:04:47.20,-27:07:48.30,ugsu ,271.19666666666666,-27.130083333333335
Sgr ,18:04:51.67,-28:11:46.10,ug ,271.21529166666664,-28.19613888888889
Sgr ,18:05:07.12,-27:43:09.10,ug ,271.2796666666666,-27.719194444444444
Sgr ,18:05:08.58,-29:16:52.00,ug ,271.28574999999995,-29.28111111111111
Sgr ,05:12.00,-29:54:23.00,n ,78.0,-29.906388888888888
Sgr ,18:05:32.38,-28:50:57.20,ug ,271.3849166666666,-28.84922222222222
Sgr ,18:05:34.36,-29:12:04.60,ugsu ,271.3931666666666,-29.201277777777776
Sgr ,18:05:34.86,-28:30:04.70,ug ,271.39525,-28.501305555555554
V1572 Sgr ,05:37.00,-31:37:43.00,n ,84.25,-31.628611111111113
Sgr ,18:05:53.59,-28:03:29.80,cv ,271.4732916666666,-28.05827777777778
Sgr ,18:06:11.57,-28:07:46.30,ug ,271.5482083333333,-28.129527777777778
V1012 Sgr ,18:06:14.00,-31:44:26.90,na ,271.5583333333333,-31.740805555555557
V1014 Sgr ,18:06:45.70,-27:26:15.30,na ,271.6904166666667,-27.437583333333333
V908 Sgr ,18:07:08.66,-28:44:52.30,999,271.7860833333333,-28.747861111111114
V737 Sgr ,18:07:08.72,-28:44:52.10,n ,271.7863333333333,-28.747805555555555
Sgr ,18:07:10.64,-26:57:06.60,ug ,271.7943333333333,-26.951833333333333
Sgr ,18:07:17.88,-25:52:56.90,ug ,271.8245,-25.882472222222223
Sgr ,18:07:31.11,-22:05:33.10,non-cv ,271.879625,-22.092527777777775
Sgr ,18:07:32.11,-31:23:56.30,ug ,271.88379166666664,-31.398972222222223
Sgr ,18:07:33.83,-29:00:37.80,cv ,271.8909583333333,-29.0105
V4444 Sgr ,18:07:36.22,-27:20:13.50,na/nr ,271.9009166666666,-27.337083333333332
Sgr ,18:07:36.95,-27:20:09.10,ug ,271.9039583333333,-27.33586111111111
V927 Sgr ,18:07:42.70,-33:21:17.40,na ,271.92791666666665,-33.35483333333333
V617 Sgr ,18:07:50.89,-35:10:24.90,nlv ,271.9620416666666,-35.17358333333333
Sgr ,18:07:51.71,-25:53:55.50,ug ,271.9654583333333,-25.89875
V4121 Sgr ,18:07:54.77,-28:49:26.80,n ,271.9782083333333,-28.82411111111111
Sgr ,18:07:57.21,-27:33:28.80,ug ,271.988375,-27.558
Sgr ,18:07:57.61,-29:18:14.60,ug ,271.9900416666666,-29.304055555555557
Sgr ,18:08:07.97,-26:13:14.40,ug ,272.0332083333333,-26.220666666666666
Sgr ,18:08:13.35,-27:18:00.90,ug ,272.05562499999996,-27.300250000000002
KY Ara ,18:08:21.98,-54:56:17.30,ug ,272.0915833333333,-54.938138888888886
Sgr ,18:08:24.97,-32:19:42.10,ugsu ,272.10404166666666,-32.328361111111114
Sgr ,18:08:30.52,-25:21:49.20,ug ,272.1271666666666,-25.363666666666667
Sgr ,18:08:42.14,-31:42:34.70,ug ,272.1755833333333,-31.70963888888889
V630 Sgr ,18:08:48.25,-34:20:21.40,na ,272.20104166666664,-34.33927777777778
Sgr ,18:08:50.26,-26:10:57.40,ug ,272.20941666666664,-26.18261111111111
Sgr ,18:08:50.65,-27:01:28.10,ug ,272.21104166666663,-27.024472222222222
Sgr ,18:08:51.20,-26:16:12.00,non-cv ,272.2133333333333,-26.27
V1015 Sgr ,09:03.00,-32:28:16.00,na ,135.75,-32.471111111111114
V1148 Sgr ,09:06.00,-25:59:32.00,n ,136.49999999999997,-25.992222222222225
Sgr ,18:09:12.52,-31:41:09.50,ug ,272.3021666666666,-31.685972222222222
Sgr ,18:09:13.79,-29:47:36.40,cv ,272.3074583333333,-29.793444444444447
V4157 Sgr ,18:09:34.90,-25:51:58.20,na ,272.3954166666666,-25.86616666666667
Sgr ,18:09:36.02,-30:37:20.40,ug ,272.40008333333327,-30.622333333333334
Sgr ,18:09:52.27,-26:30:21.60,ugsu ,272.46779166666664,-26.506
Sgr ,18:09:58.18,-26:20:58.60,ug ,272.4924166666666,-26.34961111111111
V5113 Sgr ,18:10:10.42,-27:45:35.20,n ,272.54341666666664,-27.759777777777778
Sgr ,18:10:17.16,-26:41:10.00,ug ,272.57149999999996,-26.68611111111111
Sgr ,18:10:30.87,-27:27:26.70,ug ,272.628625,-27.457416666666667
Sgr ,18:10:35.23,-26:23:38.60,ug ,272.6467916666667,-26.394055555555553
Sgr ,18:10:37.44,-26:20:00.10,ug ,272.656,-26.33336111111111
V2506 Sgr ,18:11:01.68,-28:32:39.00,non-cv ,272.757,-28.54416666666667
Sgr ,18:11:19.54,-25:49:45.70,ug ,272.83141666666666,-25.829361111111112
V4740 Sgr ,18:11:45.98,-30:30:49.50,na ,272.9415833333333,-30.51375
Sgr ,18:11:51.18,-26:26:48.60,ug ,272.96324999999996,-26.446833333333334
Sgr ,18:11:58.88,-30:43:54.00,cv ,272.9953333333333,-30.731666666666666
Sgr ,18:12:20.91,-26:14:02.90,ug ,273.08712499999996,-26.23413888888889
V4327 Sgr ,18:12:49.82,-29:29:04.90,na ,273.2075833333333,-29.484694444444447
Sgr ,18:13:21.75,-27:48:36.60,ug ,273.340625,-27.810166666666667
V1830 Sgr ,18:13:50.63,-27:42:20.80,ug ,273.4609583333333,-27.705777777777776
Sgr ,18:13:51.50,-26:07:35.20,ug ,273.4645833333333,-26.126444444444445
V4160 Sgr ,18:14:13.83,-32:12:28.50,na ,273.557625,-32.20791666666667
V1175 Sgr ,14:17.00,-31:07:08.00,n ,214.24999999999997,-31.11888888888889
V3909 Sgr ,18:14:22.01,-27:51:04.80,non-cv ,273.5917083333333,-27.851333333333336
Sgr ,18:14:34.84,-22:37:42.40,ug ,273.6451666666666,-22.628444444444444
Sgr ,18:14:42.54,-26:22:10.30,ug ,273.67725,-26.36952777777778
V3914 Sgr ,18:14:49.01,-30:43:29.00,non-cv ,273.70420833333327,-30.72472222222222
V1583 Sgr ,18:15:26.30,-23:23:18.20,na ,273.85958333333326,-23.388388888888887
Sgr ,18:15:34.42,-23:59:12.60,ug ,273.8934166666666,-23.986833333333333
Sgr ,18:15:41.56,-22:56:22.80,ug ,273.9231666666666,-22.939666666666668
Sgr ,18:15:46.93,-22:58:47.80,ug ,273.94554166666666,-22.979944444444442
Sgr ,18:15:47.28,-23:17:29.70,ug ,273.94699999999995,-23.291583333333335
Sgr ,18:15:54.30,-23:42:23.50,ug ,273.97624999999994,-23.706527777777776
V2323 Sgr ,18:15:54.97,-27:57:08.40,non-cv ,273.97904166666666,-27.952333333333332
Sgr ,18:15:57.73,-25:15:33.10,ug ,273.9905416666666,-25.259194444444443
V4074 Sgr ,18:16:05.30,-30:51:15.00,nb/z an ,274.0220833333333,-30.854166666666668
Sgr ,18:16:05.96,-23:02:38.90,cv ,274.0248333333333,-23.04413888888889
V370 CrA ,18:16:13.02,-39:03:52.60,non-cv ,274.05424999999997,-39.064611111111105
Sgr ,18:16:17.87,-23:38:55.60,ug ,274.07445833333327,-23.648777777777777
V2839 Sgr ,18:16:19.29,-31:42:09.80,UG ,274.08037499999995,-31.70272222222222
V2329 Sgr ,18:16:25.15,-27:52:57.50,non-cv ,274.10479166666664,-27.882638888888888
Sgr ,18:16:33.59,-23:52:03.20,ug ,274.13995833333325,-23.867555555555555
Sgr ,18:16:35.10,-30:44:06.00,ug ,274.14624999999995,-30.735
Sgr ,18:16:48.52,-22:03:14.30,ug ,274.2021666666666,-22.053972222222225
Sgr ,18:16:56.78,-23:29:50.90,ug ,274.2365833333333,-23.497472222222225
V5115 Sgr ,18:16:58.96,-25:56:38.90,n ,274.2456666666666,-25.94413888888889
Sgr ,18:17:00.49,-23:13:02.80,ug ,274.2520416666666,-23.217444444444443
Sgr ,18:17:17.88,-24:13:50.30,ug ,274.3245,-24.230638888888887
FM Sgr ,18:17:18.10,-23:38:27.10,na ,274.3254166666666,-23.64086111111111
Sgr ,18:17:29.87,-23:43:55.90,ug ,274.37445833333334,-23.732194444444442
Sgr ,18:17:32.98,-21:59:12.70,ug ,274.3874166666667,-21.98686111111111
Sgr ,18:17:39.73,-25:40:24.30,ug ,274.4155416666666,-25.673416666666668
Sgr ,18:17:48.46,-29:52:14.00,ug ,274.4519166666667,-29.870555555555555
Sgr ,18:17:50.40,-32:26:41.80,ug ,274.46,-32.44494444444444
V5116 Sgr ,18:17:50.79,-30:26:32.40,n ,274.46162499999997,-30.442333333333334
Sgr ,18:17:54.72,-23:50:25.70,ug ,274.478,-23.84047222222222
Sgr ,18:17:54.78,-30:03:53.90,ug ,274.47825,-30.064972222222224
Sgr ,18:17:57.85,-25:47:02.20,ugsu ,274.49104166666666,-25.783944444444447
Sgr ,18:18:24.33,-30:23:37.10,ug ,274.60137499999996,-30.393638888888887
Sgr ,18:18:25.94,-23:55:30.80,ug ,274.6080833333333,-23.925222222222224
Sgr ,18:18:30.39,-31:26:07.90,ug ,274.626625,-31.43552777777778
V1149 Sgr ,18:18:30.40,-28:17:17.00,nb ,274.6266666666666,-28.28805555555556
Sgr ,18:18:49.85,-23:36:38.20,ug ,274.7077083333333,-23.610611111111112
Sgr ,18:18:50.30,-23:36:14.90,cv ,274.7095833333333,-23.60413888888889
V1150 Sgr ,18:54.00,-24:05:44.00,nb ,283.49999999999994,-24.095555555555553
V928 Sgr ,18:18:59.30,-28:06:00.00,nb ,274.7470833333333,-28.1
GM Sgr ,18:19:21.53,-25:25:37.70,non-cv ,274.8397083333333,-25.42713888888889
V4641 Sgr ,18:19:21.58,-25:24:25.10,non-cv ,274.8399166666666,-25.406972222222223
V5114 Sgr ,18:19:32.29,-28:36:35.70,n ,274.8845416666667,-28.609916666666667
V726 Sgr ,18:19:33.69,-26:53:19.60,na ,274.890375,-26.888777777777776
V4065 Sgr ,19:38.00,-24:43:56.00,n ,294.49999999999994,-24.73222222222222
Sgr ,18:19:48.99,-25:18:37.70,ug ,274.954125,-25.310472222222224
V1016 Sgr ,18:19:57.67,-25:11:14.00,na ,274.9902916666666,-25.18722222222222
Sgr ,18:20:10.90,-22:13:22.30,ugsu ,275.0454166666666,-22.222861111111108
Sgr ,18:20:36.33,-30:54:01.50,ug ,275.151375,-30.900416666666665
V4049 Sgr ,18:20:38.06,-27:56:26.00,n ,275.1585833333333,-27.940555555555555
Sgr ,18:20:47.27,-22:03:14.40,ug ,275.19695833333327,-22.054000000000002
Sgr ,18:20:49.54,-22:22:29.60,ug ,275.20641666666666,-22.37488888888889
Sgr ,18:20:55.04,-31:28:57.90,ug ,275.2293333333333,-31.48275
Sgr ,18:21:15.35,-22:04:05.70,ugsu ,275.31395833333335,-22.06825
V4633 Sgr ,18:21:40.47,-27:31:38.00,na ,275.41862499999996,-27.52722222222222
Sgr ,18:21:44.59,-30:47:08.90,ug ,275.43579166666666,-30.78580555555556
Sgr ,18:21:53.55,-31:06:41.70,ug ,275.473125,-31.111583333333336
Sgr ,18:22:06.93,-31:27:42.40,ug ,275.52887499999997,-31.461777777777776
V441 Sgr ,18:22:08.09,-25:28:53.70,na ,275.5337083333333,-25.481583333333333
Sgr ,18:22:35.67,-30:54:35.30,cv ,275.6486249999999,-30.909805555555554
Sgr ,18:22:41.28,-21:45:24.20,ug ,275.67199999999997,-21.756722222222223
GR Sgr ,18:22:58.55,-25:34:47.30,n ,275.7439583333333,-25.579805555555556
Sgr ,18:23:10.85,-21:23:06.60,ug ,275.79520833333333,-21.385166666666667
Sgr ,18:23:14.95,-21:59:38.20,ug ,275.8122916666666,-21.993944444444445
V4169 Sgr ,18:23:26.94,-28:21:59.70,na ,275.86224999999996,-28.366583333333335
Sgr ,18:23:35.49,-21:29:00.00,ug ,275.89787499999994,-21.483333333333334
Sgr ,18:23:40.81,-30:21:35.00,cv ,275.9200416666666,-30.359722222222224
V4171 Sgr ,18:23:41.34,-22:59:28.70,na ,275.92224999999996,-22.991305555555556
Sgr ,18:23:41.35,-30:21:56.60,ug ,275.92229166666664,-30.365722222222225
V4361 Sgr ,18:23:42.46,-18:07:14.70,n ,275.9269166666666,-18.12075
WW Tel ,23:56.00,-54:59:45.00,UG ,358.99999999999994,-54.99583333333334
Sgr ,18:24:44.48,-24:50:24.90,non-cv ,276.1853333333333,-24.840249999999997
V655 CrA ,18:24:44.70,-36:59:45.00,n ,276.18625,-36.99583333333334
V4739 Sgr ,18:24:46.04,-30:00:41.10,na ,276.19183333333325,-30.011416666666666
Sgr ,18:24:48.95,-30:23:49.60,ug ,276.2039583333333,-30.397111111111112
V1151 Sgr ,18:25:23.75,-20:11:59.30,nb ,276.3489583333333,-20.199805555555557
V4019 Sgr ,18:25:27.32,-25:40:07.50,non-cv ,276.36383333333333,-25.668750000000003
V909 Sgr ,18:25:52.30,-35:01:26.90,na ,276.46791666666667,-35.024138888888885
V3941 Sgr ,18:25:58.26,-29:25:48.90,UG ,276.49275,-29.43025
DP Pav ,18:26:20.30,-64:57:37.50,non-cv ,276.5845833333333,-64.96041666666667
BS Sgr ,18:26:46.72,-27:08:20.00,nb ,276.69466666666665,-27.13888888888889
V1988 Sgr ,18:27:57.37,-27:37:23.10,non-cv ,276.9890416666666,-27.623083333333334
HS Sgr ,18:28:03.44,-21:34:24.70,nb ,277.0143333333333,-21.573527777777777
LQ Sgr ,18:28:28.98,-27:55:19.60,non-cv ,277.12074999999993,-27.92211111111111
V3462 Sgr ,30:19.00,-32:37:55.00,UG ,,
V4362 Sgr ,18:30:23.11,-17:11:56.90,nb ,277.5962916666666,-17.19913888888889
Sgr ,18:30:24.36,-26:37:55.80,ug ,277.6015,-26.632166666666667
V3890 Sgr ,18:30:43.29,-24:01:08.90,nra ,277.68037499999997,-24.01913888888889
Sgr2 ,18:31:23.50,-32:20:49.00,cv ,277.8479166666666,-32.346944444444446
V2359 Sgr ,31:35.00,-32:25:52.00,UG ,,
V2572 Sgr ,18:31:36.75,-32:35:57.70,na ,277.903125,-32.599361111111115
V1017 Sgr ,18:32:04.47,-29:23:12.30,nb/dn ,278.018625,-29.38675
V3876 Sgr ,18:33:12.67,-20:05:49.90,non-cv ,278.3027916666666,-20.097194444444444
Sgr ,18:33:17.45,-27:16:09.20,cv ,278.3227083333333,-27.269222222222222
Sgr ,18:33:17.91,-27:13:08.50,ug ,278.324625,-27.219027777777775
V1905 Sgr ,18:33:42.10,-25:20:42.00,n ,278.42541666666665,-25.345
YY Tel ,18:33:56.35,-53:58:49.80,ugwz ,278.48479166666664,-53.9805
V939 Sgr ,18:34:23.05,-26:54:31.50,non-cv ,278.5960416666667,-26.908749999999998
V4077 Sgr ,18:34:39.41,-26:26:02.90,nb ,278.66420833333325,-26.43413888888889
V941 Sgr ,18:34:43.51,-29:34:48.80,non-cv ,278.6812916666666,-29.580222222222222
V1310 Sgr ,18:35:01.01,-30:03:35.60,nb ,278.7542083333333,-30.05988888888889
V3608 Sgr ,18:35:24.55,-35:32:04.50,UG ,278.85229166666664,-35.53458333333333
Sgr ,18:35:30.20,-23:54:33.00,cv ,278.8758333333333,-23.909166666666664
V662 CrA ,18:35:30.53,-36:56:44.70,ug ,278.8772083333333,-36.94575
Sgr ,18:35:44.50,-24:00:10.70,cv ,278.93541666666664,-24.002972222222223
Sgr ,18:35:45.71,-32:59:24.00,cv ,278.94045833333325,-32.99
V3645 Sgr ,18:35:49.21,-18:41:45.10,nb ,278.95504166666666,-18.69586111111111
Sgr ,18:35:55.58,-29:04:44.20,cv ,278.9815833333333,-29.078944444444446
Sgr ,18:36:02.72,-23:55:24.60,ugsu ,279.01133333333337,-23.9235
Sgr ,18:36:18.50,-24:00:54.90,cv ,279.07708333333335,-24.01525
Sgr ,18:36:19.00,-23:52:18.00,cv ,279.07916666666665,-23.871666666666666
Sgr ,18:36:24.66,-23:54:35.50,ug ,279.10275,-23.90986111111111
Sgr ,18:36:25.40,-23:55:20.80,cv ,279.10583333333335,-23.922444444444444
Sgr ,18:36:28.90,-23:56:25.90,cv ,279.12041666666664,-23.940527777777778
Sgr ,18:36:45.40,-23:51:58.40,cv ,279.1891666666666,-23.866222222222223
BP CrA ,18:36:50.89,-37:25:53.60,ugz ,279.21204166666666,-37.431555555555555
V2012 Sgr ,18:37:12.43,-26:10:21.80,non-cv ,279.30179166666665,-26.172722222222223
V4021 Sgr ,38:14.00,-23:22:47.00,na ,,
V4745 Sgr ,18:40:02.55,-33:26:55.60,n ,280.01062499999995,-33.44877777777778
V949 Sgr ,18:41:03.22,-28:09:35.70,non-cv ,280.2634166666666,-28.159916666666664
V3774 Sgr ,18:41:41.18,-32:54:33.90,ug ,280.42158333333333,-32.909416666666665
V693 CrA ,18:41:57.80,-37:31:14.00,na ,280.49083333333334,-37.52055555555555
Pav ,18:42:29.73,-61:51:45.10,non-cv ,280.62387499999994,-61.86252777777778
V2383 Sgr ,18:42:49.87,-19:01:36.90,non-cv ,280.70779166666665,-19.026916666666665
V1709 Sgr ,18:42:50.25,-19:47:47.80,non-cv ,280.70937499999997,-19.796611111111112
BD Pav ,18:43:11.90,-57:30:44.90,ug ,280.79958333333326,-57.51247222222222
V2032 Sgr ,18:43:47.17,-27:34:01.10,non-cv ,280.94654166666663,-27.566972222222223
AK Tel ,18:43:48.82,-55:00:22.50,non-cv ,280.9534166666666,-55.00625
V2038 Sgr ,18:45:20.46,-26:27:47.40,non-cv ,281.33525,-26.463166666666666
V522 Sgr ,18:48:00.49,-25:22:27.00,n/ug ,282.0020416666666,-25.374166666666667
V4332 Sgr ,18:50:36.70,-21:23:29.60,non-cv ,282.6529166666666,-21.391555555555556
V4368 Sgr ,18:54:40.32,-19:41:59.80,non-cv ,283.66799999999995,-19.699944444444444
V1223 Sgr ,18:55:02.31,-31:09:49.60,dq ,283.75962499999997,-31.163777777777778
Sgr ,18:55:02.45,-30:28:57.50,am/dq ,283.7602083333333,-30.482638888888886
Sgr ,18:55:02.66,-30:28:41.50,am/dq ,283.7610833333333,-30.478194444444444
Sgr ,18:55:02.76,-30:28:53.00,am/dq ,283.7615,-30.481388888888887
Sgr ,18:55:02.96,-30:28:45.00,am/dq ,283.76233333333334,-30.479166666666664
Sgr ,18:55:03.48,-30:28:47.40,am/dq ,283.7645,-30.479833333333332
Sgr ,18:55:03.65,-30:28:41.10,am/dq ,283.7652083333333,-30.47808333333333
Sgr ,18:55:03.89,-30:28:38.00,am/dq ,283.76620833333334,-30.47722222222222
V4743 Sgr ,19:01:09.32,-22:00:06.20,na ,285.2888333333333,-22.001722222222224
V1082 Sgr ,19:07:21.87,-20:46:50.30,vy ,286.841125,-20.780638888888888
V1089 Sgr ,19:08:46.38,-17:21:46.70,ug ,287.19325,-17.362972222222222
Pav ,19:10:40.24,-59:58:42.30,cv ,287.66766666666666,-59.97841666666667
Pav ,19:10:40.49,-60:00:06.70,cv ,287.6687083333333,-60.00186111111111
Pav ,19:10:51.20,-59:59:12.80,cv ,287.7133333333333,-59.98688888888889
Pav ,19:10:51.29,-59:59:05.90,cv ,287.71370833333333,-59.984972222222225
Pav ,19:10:51.37,-59:59:27.80,cv ,287.7140416666667,-59.991055555555555
Pav ,19:10:51.86,-59:58:56.60,cv ,287.7160833333333,-59.98238888888889
Pav ,19:10:51.94,-59:58:01.50,cv ,287.7164166666667,-59.967083333333335
Pav ,19:10:52.40,-59:59:06.00,cv ,287.71833333333336,-59.985
Pav ,19:10:54.83,-59:59:15.00,cv ,287.7284583333333,-59.987500000000004
Pav ,19:10:56.04,-59:57:47.20,cv ,287.7335,-59.96311111111111
Pav ,19:10:56.35,-59:59:37.10,cv ,287.73479166666664,-59.99363888888889
V363 Sgr ,19:11:16.30,-29:50:00.00,na ,287.81791666666663,-29.833333333333332
V344 Pav ,19:16:09.58,-62:35:53.10,ugsu ,289.0399166666666,-62.598083333333335
V729 Sgr ,19:16:49.10,-26:14:33.70,ug ,289.2045833333333,-26.242694444444446
V730 Sgr ,19:23:00.98,-28:29:37.50,ug ,290.7540833333333,-28.493750000000002
Tel ,19:28:32.60,-50:01:34.00,am ,292.13583333333327,-50.02611111111111
V345 Pav ,19:35:42.90,-59:08:22.40,ux ,293.92875,-59.13955555555555
QS Tel ,19:38:35.80,-46:12:56.60,am ,294.6491666666666,-46.215722222222226
Sgr ,19:39:41.92,-30:55:45.90,cv ,294.9246666666666,-30.92941666666667
Sgr ,19:40:08.59,-30:58:51.10,ug ,295.0357916666666,-30.98086111111111
Sgr1 ,43:57.00,-40:26:00,n ,,
V3885 Sgr ,19:47:40.53,-42:00:26.40,ux ,296.918875,-42.007333333333335
Sgr3 ,19:55:46.84,-20:30:54.90,non-cv ,298.94516666666664,-20.51525
V348 Pav ,19:56:48.20,-60:34:28.10,nl ,299.2008333333333,-60.57447222222223
V393 Pav ,19:57:11.48,-57:38:22.10,am ,299.2978333333333,-57.639472222222224
V4140 Sgr ,19:58:49.68,-38:56:12.40,ugsu ,299.70699999999994,-38.93677777777778
RR Tel ,20:04:18.53,-55:43:33.20,non-cv ,301.0772083333333,-55.72588888888889
Sgr ,20:05:51.12,-29:34:59.90,ug ,301.4629999999999,-29.583305555555555
V349 Pav ,20:08:55.86,-65:27:43.50,am ,302.23274999999995,-65.46208333333334
AX Cap ,20:08:57.01,-17:16:38.10,ugsu ,302.23754166666663,-17.27725
V4738 Sgr ,20:22:37.53,-39:54:12.80,am ,305.65637499999997,-39.903555555555556
Cap1 ,20:22:42.26,-21:07:54.70,cv ,305.6760833333333,-21.13186111111111
Cap ,20:24:59.47,-22:33:23.10,cv ,306.2477916666666,-22.556416666666667
V2276 Sgr ,20:26:22.16,-43:40:32.00,ug ,306.5923333333333,-43.675555555555555
KK Tel ,20:28:38.52,-52:18:45.00,ugsu ,307.16049999999996,-52.3125
TU Ind ,20:33:10.59,-45:26:00.50,ug ,308.294125,-45.43347222222222
TT Ind ,20:33:37.08,-56:33:44.60,ugz ,308.4045,-56.56238888888888
CM Mic ,20:36:54.64,-43:22:31.50,ug ,309.22766666666666,-43.375416666666666
UY Mic ,20:44:53.64,-38:39:24.60,cv ,311.2235,-38.65683333333333
Mic ,20:56:00,-30:14:00,cv ,313.99999999999994,-30.233333333333334
CD Ind ,21:15:40.97,-58:40:53.60,am ,318.92070833333327,-58.681555555555555
Ind ,21:21:26.53,-54:04:34.70,nl ,320.3605416666666,-54.07630555555556
CH Gru ,21:28:35.08,-42:32:31.30,n ,322.1461666666666,-42.542027777777776
CI Gru ,21:33:06.85,-42:28:52.00,ug ,323.2785416666667,-42.48111111111111
Cap3 ,21:34:06.10,-18:51:46.30,nl? ,323.5254166666667,-18.862861111111112
CE Gru ,21:37:56.43,-43:42:13.60,am ,324.485125,-43.70377777777778
Cap2 ,21:39:58.40,-23:11:44.00,ug ,324.9933333333333,-23.195555555555554
CF Gru ,21:41:22.98,-45:04:31.40,ug ,325.34574999999995,-45.075388888888895
II Aqr ,22:16:27.60,-20:27:25.20,ug ,334.11499999999995,-20.457
PsA ,22:18:56.46,-28:16:18.10,cv ,334.73524999999995,-28.271694444444442
PsA ,22:24:16.26,-29:24:21.70,cv ,336.06774999999993,-29.406027777777776
VZ Gru ,22:33:50.23,-50:12:23.50,non-cv ,338.4592916666666,-50.20652777777778
PsA ,22:43:19.69,-29:33:27.20,cv ,340.8320416666666,-29.557555555555556
RZ Gru ,22:47:12.00,-42:44:38.70,ux ,341.8,-42.744083333333336
TY PsA ,22:49:39.87,-27:06:53.30,ugsu ,342.41612499999997,-27.114805555555556
PsA ,22:51:15.23,-28:40:46.20,cv ,342.8134583333333,-28.6795
PsA ,22:56:47.85,-27:43:25.10,cv ,344.199375,-27.72363888888889
AN Gru ,23:07:55.20,-47:25:40.40,non-cv ,346.97999999999996,-47.42788888888889
CP Tuc ,23:15:18.99,-59:10:28.90,am ,348.829125,-59.17469444444444
CC Scl ,23:15:31.91,-30:48:47.50,ugsu ,348.8829583333333,-30.813194444444445
Scl1 ,23:18:34.23,-29:58:08.90,non-cv ,349.64262499999995,-29.96913888888889
VY Scl ,23:29:00.48,-29:46:45.90,vy ,352.252,-29.779416666666666
EH Aqr ,23:34:06.01,-22:48:42.90,ug ,353.52504166666665,-22.81191666666667
VZ Scl ,23:50:09.24,-26:22:52.70,vy ,357.53849999999994,-26.381305555555556
Scl ,23:50:30.62,-31:27:33.60,cv ,357.6275833333333,-31.459333333333333
BW Scl ,23:53:00.82,-38:51:46.00,ugwz/dq ,358.2534166666666,-38.86277777777778
Phe ,23:54:20.46,-47:00:19.70,ug ,358.5852499999999,-47.005472222222224
Scl ,23:57:03.15,-31:49:10.40,cv ,359.26312499999995,-31.819555555555556
