target,alt_target,ra,dec,tmag,priority,duration,comments
TIC 406385214.0,9319433011352,270.7949175484007,-28.730532913217377,11.614671,5,2,"P=2.70h, Amp=1.72mag, CVprob=0.98, Bulge"
TIC 249165387.0,9053212004890,272.52465019909295,-26.014944202052845,11.252802,5,2,"P=2.19h, Amp=2.31mag, CVprob=0.98, Bulge"
TIC 118622453.0,8725544001967,273.5603490459471,-22.77736110766636,11.651985,5,2,"P=2.10h, Amp=2.28mag, CVprob=0.98, Bulge"
TIC 249147763.0,9028636008534,272.5272409726416,-25.797782243094737,11.586925,5,2,"P=2.68h, Amp=1.94mag, CVprob=0.98, Bulge"
TIC 165798960.0,8692791087167,274.87797421575107,-22.389786173562257,11.616443,5,2,"P=2.19h, Amp=2.71mag, CVprob=0.98, Bulge"
TIC 406978671.0,9135116011345,271.0968534960643,-26.84081447949602,11.74202,5,2,"P=2.43h, Amp=2.07mag, CVprob=0.98, Bulge"
TIC 249451568.0,9049121001427,272.88184214243734,-25.9942501790624,11.568735,5,2,"P=2.68h, Amp=1.85mag, CVprob=0.98, Bulge"
TIC 1630588628.0,8676400100904,274.2841112839784,-22.25495565481005,15.916475,5,2,"P=2.71h, Amp=2.80mag, CVprob=0.98, Bulge"
TIC 249167682.0,9069597003136,272.59741040103853,-26.196024406793025,11.608774,5,2,"P=2.68h, Amp=1.80mag, CVprob=0.98, Bulge"
TIC 406314046.0,9274376004360,270.7757996988163,-28.28658430163499,11.542557,5,2,"P=2.88h, Amp=1.28mag, CVprob=0.98, Bulge"
TIC 165935812.0,8672312070526,274.9344475677949,-22.23263278623195,11.49134,5,2,"P=2.19h, Amp=2.60mag, CVprob=0.98, Bulge"
TIC 406978671.0,9135116011345,271.0968534960643,-26.84081447949602,11.74202,5,2,"P=2.43h, Amp=2.07mag, CVprob=0.98, Bulge"
TIC 406384154.0,9307145008442,270.8286161897986,-28.656441765457508,11.23925,5,2,"P=2.96h, Amp=2.27mag, CVprob=0.98, Bulge"
TIC 377359948.0,9028642004153,272.99976847643086,-25.770272303782,11.708284,5,2,"P=2.68h, Amp=1.82mag, CVprob=0.98, Bulge"
TIC 249165387.0,9053212004890,272.52465019909295,-26.014944202052845,11.252802,5,2,"P=2.19h, Amp=2.31mag, CVprob=0.98, Bulge"
TIC 249145368.0,9008157032896,272.5483061239824,-25.599826550547885,11.557029,5,2,"P=2.68h, Amp=1.51mag, CVprob=0.98, Bulge"
TIC 406469941.0,9319435008917,270.9670129314967,-28.750560612689384,11.550062,5,2,"P=2.70h, Amp=1.79mag, CVprob=0.98, Bulge"
TIC 165708539.0,8639543057157,274.7941896831006,-21.90298957778609,11.589488,5,2,"P=2.19h, Amp=2.74mag, CVprob=0.98, Bulge"
TIC 249058697.0,9024539010016,272.3806207135321,-25.70298985705729,11.556596,5,2,"P=2.68h, Amp=1.88mag, CVprob=0.98, Bulge"
TIC 1614080658.0,8786986016076,273.6801116790881,-23.375168367300983,14.671808,5,2,"P=2.20h, Amp=2.21mag, CVprob=0.98, Bulge"
TIC 377360680.0,9032738006948,272.9874306693893,-25.8296202969944,11.659591,5,2,"P=2.68h, Amp=1.72mag, CVprob=0.98, Bulge"
TIC 244268709.0,8827950021515,274.071969410783,-23.77363198930272,12.179413,5,2,"P=2.20h, Amp=2.47mag, CVprob=0.98, Bulge"
TIC 248538608.0,8995862009866,271.97723495280366,-25.41203180588369,11.6339655,5,2,"P=2.31h, Amp=2.19mag, CVprob=0.98, Bulge"
TIC 378246115.0,8922154004412,273.72281598444306,-24.735536312799905,11.393684,5,2,"P=2.36h, Amp=2.84mag, CVprob=0.98, Bulge"
TIC 249167682.0,9069597003136,272.59741040103853,-26.196024406793025,11.608774,5,2,"P=2.68h, Amp=1.80mag, CVprob=0.98, Bulge"
TIC 406978198.0,9131021002120,271.1153474820623,-26.80558682773299,11.695192,5,2,"P=2.43h, Amp=2.23mag, CVprob=0.98, Bulge"
TIC 264717430.0,9028642006783,273.0289913043284,-25.80349388520908,11.577806,5,2,"P=2.68h, Amp=1.83mag, CVprob=0.98, Bulge"
TIC 268406326.0,8954918006614,273.38441183229224,-25.009942797905502,11.501542,5,2,"P=2.27h, Amp=2.26mag, CVprob=0.98, Bulge"
TIC 249166147.0,9057309008140,272.57057006688206,-26.07415491207692,11.599316,5,2,"P=2.68h, Amp=1.80mag, CVprob=0.98, Bulge"
TIC 407097806.0,9303052003536,271.0558852317659,-28.59169222477593,11.644805,5,2,"P=2.70h, Amp=1.69mag, CVprob=0.98, Bulge"
TIC 378246137.0,8926251030262,273.7657954154449,-24.73709701876065,11.607238,5,2,"P=2.36h, Amp=2.74mag, CVprob=0.98, Bulge"
TIC 248843491.0,9016346009138,272.2863962986167,-25.666839816770217,11.352871,5,2,"P=2.19h, Amp=1.76mag, CVprob=0.98, Bulge"
TIC 268405865.0,8946726006155,273.39299238361025,-24.97383425019528,11.520378,5,2,"P=2.27h, Amp=2.30mag, CVprob=0.98, Bulge"
TIC 407100623.0,9323532003029,271.1177794051697,-28.80036463246853,11.151847,5,2,"P=2.70h, Amp=1.32mag, CVprob=0.98, Bulge"
TIC 268246191.0,8930342005815,273.3868878773711,-24.776300325551063,11.640721,5,2,"P=2.52h, Amp=2.66mag, CVprob=0.98, Bulge"
TIC 268405652.0,8950822001289,273.3364322575185,-24.95677733325108,11.576935,5,2,"P=2.27h, Amp=2.62mag, CVprob=0.98, Bulge"
TIC 406385835.0,9323529006264,270.8229491787275,-28.77859553283807,11.318476,5,2,"P=2.96h, Amp=2.40mag, CVprob=0.98, Bulge"
TIC 407273488.0,9298958003604,271.29754153833545,-28.53466042019819,11.469776,5,2,"P=2.70h, Amp=1.66mag, CVprob=0.98, Bulge"
TIC 407370697.0,9106446009151,271.246395704763,-26.56964383926084,11.641716,5,2,"P=2.59h, Amp=1.73mag, CVprob=0.98, Bulge"
TIC 249343534.0,9057311016256,272.699485882169,-26.07691182331095,11.615185,5,2,"P=2.68h, Amp=1.93mag, CVprob=0.98, Bulge"
TIC 249165572.0,9053212008730,272.5271100248263,-26.02827798302742,11.645801,5,2,"P=2.19h, Amp=1.67mag, CVprob=0.98, Bulge"
TIC 406385745.0,9319433002475,270.82046352955786,-28.77105403642705,11.4766,5,2,"P=2.70h, Amp=1.96mag, CVprob=0.98, Bulge"
TIC 248537874.0,8983575008436,272.00910419735163,-25.351652931351182,11.769836,5,2,"P=2.31h, Amp=2.14mag, CVprob=0.98, Bulge"
TIC 249165834.0,9053213007364,272.604717858908,-26.047932821229523,11.52799,5,2,"P=2.68h, Amp=2.03mag, CVprob=0.98, Bulge"
TIC 268245317.0,8922149005328,273.3325847602945,-24.70803754558281,11.526457,5,2,"P=2.52h, Amp=2.90mag, CVprob=0.98, Bulge"
TIC 249053326.0,9065500007389,272.46788818425443,-26.159445493438508,11.618364,5,2,"P=2.68h, Amp=1.82mag, CVprob=0.98, Bulge"
TIC 249165109.0,9049117010377,272.5650378934928,-25.993247686070774,11.684989,5,2,"P=2.68h, Amp=1.34mag, CVprob=0.98, Bulge"
TIC 249165109.0,9049117010377,272.5650378934928,-25.993247686070774,11.684989,5,2,"P=2.68h, Amp=1.34mag, CVprob=0.98, Bulge"
TIC 406385791.0,9319434013007,270.8962403961922,-28.77463064020502,11.285499,5,2,"P=2.96h, Amp=2.44mag, CVprob=0.98, Bulge"
TIC 407273284.0,9298958010306,271.2725333289662,-28.54871830020107,11.596991,5,2,"P=2.70h, Amp=1.50mag, CVprob=0.98, Bulge"
TIC 408069624.0,9196562009156,271.563499324454,-27.47030429785525,11.663364,4,2,"P=23.32h, Amp=1.67mag, CVprob=0.98, Bulge"
TIC 249140399.0,8971293000338,272.6234920461412,-25.20871655168414,13.578857,4,2,"P=11.94h, Amp=1.87mag, CVprob=0.98, Bulge"
TIC 1609721361.0,8999969008597,272.90558591802545,-25.461372693172397,14.102613,4,2,"P=11.94h, Amp=1.99mag, CVprob=0.98, Bulge"
TIC 248754835.0,9053209000965,272.23478403909286,-26.00923155216696,14.066787,4,2,"P=0.24h, Amp=1.58mag, CVprob=0.98, Bulge"
TIC 443980610.0,9200659009696,271.71108068118014,-27.526966696572,11.752203,4,2,"P=23.08h, Amp=1.29mag, CVprob=0.98, Bulge"
TIC 1606097108.0,9159692006235,271.07622036049287,-27.09672341452853,15.855808,4,2,"P=23.09h, Amp=1.56mag, CVprob=0.98, Bulge"
TIC 443979988.0,9196564008658,271.78059686044656,-27.48241466771709,11.702142,4,2,"P=22.42h, Amp=1.86mag, CVprob=0.98, Bulge"
TIC 196393534.0,9241605007272,270.4503714094113,-27.96345841852386,10.966762,4,2,"P=23.39h, Amp=2.47mag, CVprob=0.98, Bulge"
TIC 443773296.0,9135122000368,271.6311924071496,-26.87926225861444,13.399309,4,2,"P=6.07h, Amp=1.18mag, CVprob=0.98, Bulge"
TIC 1604079739.0,9262090000786,270.871170601771,-28.134531134779696,14.917064,4,2,"P=0.24h, Amp=1.32mag, CVprob=0.98, Bulge"
TIC 1613102970.0,8959002001907,272.2586394498477,-25.07922030280867,16.155279999999998,4,2,"P=0.24h, Amp=1.55mag, CVprob=0.98, Bulge"
TIC 406471966.0,9307147004655,271.0069358255655,-28.60606283622858,11.435887,4,2,"P=14.82h, Amp=2.04mag, CVprob=0.98, Bulge"
TIC 195953996.0,9245700004328,270.351160317567,-28.00295333491073,11.79593,4,2,"P=23.32h, Amp=1.37mag, CVprob=0.98, Bulge"
TIC 118695704.0,8848424000322,273.54868510339224,-23.942099705734663,12.269255,4,2,"P=9.50h, Amp=1.68mag, CVprob=0.98, Bulge"
TIC 1605244056.0,9212950009074,271.9219220674993,-27.641160420648287,14.370224,4,2,"P=4.79h, Amp=1.51mag, CVprob=0.98, Bulge"
TIC 377462333.0,9053217000668,272.941097810251,-26.065769562550816,11.674955,4,2,"P=3.18h, Amp=1.84mag, CVprob=0.98, Bulge"
TIC 249414188.0,8979487004448,272.7724009949021,-25.25160933914833,12.229341,4,2,"P=0.24h, Amp=2.05mag, CVprob=0.98, Bulge"
TIC 443743878.0,9196563011736,271.6632267261654,-27.464995465352096,11.503493,4,2,"P=23.16h, Amp=2.08mag, CVprob=0.98, Bulge"
TIC 406986000.0,9184268006122,271.0678562266029,-27.366025845150705,13.765617,4,2,"P=4.79h, Amp=1.23mag, CVprob=0.98, Bulge"
TIC 249635859.0,8950824000235,273.5176565961362,-24.962606571655865,13.791681,4,2,"P=9.50h, Amp=1.62mag, CVprob=0.98, Bulge"
TIC 1606516229.0,9143308010571,271.0922198401806,-26.97836681743009,14.408989,4,2,"P=22.44h, Amp=1.12mag, CVprob=0.98, Bulge"
TIC 1610043744.0,8967199000890,272.7254427494508,-25.160228965816557,16.009169999999997,4,2,"P=0.24h, Amp=1.05mag, CVprob=0.98, Bulge"
TIC 377360139.0,9028641027627,272.9476116639082,-25.785492362563883,11.569913,4,2,"P=23.65h, Amp=1.93mag, CVprob=0.98, Bulge"
TIC 443934245.0,9139221009769,271.8231819809691,-26.886785798694174,11.49719,4,2,"P=6.08h, Amp=1.74mag, CVprob=0.98, Bulge"
TIC 264717633.0,9032739006056,273.0958808325953,-25.818775127364237,11.7105055,4,2,"P=11.94h, Amp=1.41mag, CVprob=0.98, Bulge"
TIC 378136829.0,8852521000158,273.62143249729667,-23.994580797865343,13.43134,4,2,"P=9.50h, Amp=1.64mag, CVprob=0.98, Bulge"
TIC 248714807.0,9180184003471,272.14348909991776,-27.31358417872131,11.693968,4,2,"P=11.53h, Amp=1.72mag, CVprob=0.98, Bulge"
TIC 512945849.0,8999959007003,272.0159115710644,-25.49208543951484,12.254595,4,2,"P=9.45h, Amp=1.78mag, CVprob=0.98, Bulge"
TIC 443743878.0,9196563011736,271.6632267261654,-27.464995465352096,11.500879,4,2,"P=23.22h, Amp=1.83mag, CVprob=0.98, Bulge"
TIC 248550084.0,9081879001221,272.02823499793067,-26.33518119763218,13.588372,4,2,"P=11.94h, Amp=1.62mag, CVprob=0.98, Bulge"
TIC 196545404.0,9253894002724,270.53219624000747,-28.068095609892453,10.926989,4,2,"P=7.96h, Amp=2.13mag, CVprob=0.98, Bulge"
TIC 1612005740.0,8864808000426,273.59223424422373,-24.12640412859172,14.255811,4,2,"P=9.50h, Amp=1.85mag, CVprob=0.98, Bulge"
TIC 1603663774.0,9315335001603,270.6721171852457,-28.723432476162536,13.877711,4,2,"P=5.99h, Amp=1.18mag, CVprob=0.98, Bulge"
TIC 407803320.0,9253904000417,271.38948347875936,-28.10058040206689,13.943892,4,2,"P=5.99h, Amp=1.14mag, CVprob=0.98, Bulge"
TIC 407723086.0,9208848000992,271.41144934649407,-27.61585616618752,11.831642,4,2,"P=4.79h, Amp=1.86mag, CVprob=0.98, Bulge"
TIC 249451025.0,9045024000570,272.85851527096395,-25.94620472683558,11.765201,4,2,"P=3.18h, Amp=1.70mag, CVprob=0.98, Bulge"
TIC 1609938262.0,8983581004254,272.554046297486,-25.293224051721992,15.80717,4,2,"P=11.94h, Amp=1.67mag, CVprob=0.98, Bulge"
TIC 406385110.0,9315337011357,270.82920041017667,-28.723866909775804,11.809759,4,2,"P=15.90h, Amp=1.72mag, CVprob=0.98, Bulge"
TIC 1603741483.0,9307148008650,271.09169702876954,-28.60254944800175,11.642023,4,2,"P=7.96h, Amp=1.22mag, CVprob=0.98, Bulge"
TIC 443744704.0,9184274008695,271.62805171437884,-27.40107059583327,11.520182,4,2,"P=23.39h, Amp=1.77mag, CVprob=0.98, Bulge"
TIC 244537749.0,8754225019218,274.3209395342518,-23.02505445697997,12.246263,4,2,"P=1.55h, Amp=2.23mag, CVprob=0.98, Bulge"
TIC 1610131398.0,8926240030113,272.8078522912694,-24.738918676355624,14.836038,4,2,"P=8.09h, Amp=1.87mag, CVprob=0.98, Bulge"
TIC 406385649.0,9319434009579,270.8950761437706,-28.76301669222689,11.908241,4,2,"P=15.90h, Amp=1.53mag, CVprob=0.98, Bulge"
TIC 378243895.0,8909867006299,273.77520950983813,-24.55024568678797,11.698636,4,2,"P=9.10h, Amp=2.43mag, CVprob=0.98, Bulge"
TIC 1424976145.0,9462775008017,269.24388830779776,-30.26675870958816,14.992532,4,2,"P=44.59h, Amp=1.02mag, CVprob=0.98, Bulge"
TIC 249368863.0,8967198001726,272.64118939881274,-25.13097759033586,13.515119,4,2,"P=11.94h, Amp=1.73mag, CVprob=0.98, Bulge"
TIC 1609034445.0,9081881000194,272.2284729786004,-26.321239046923637,15.078883,4,2,"P=11.94h, Amp=1.64mag, CVprob=0.98, Bulge"
TIC 1613625459.0,8901665005513,272.8729140512971,-24.491061344622093,15.487545,4,2,"P=9.50h, Amp=2.11mag, CVprob=0.98, Bulge"
TIC 1614009230.0,8795181063643,273.95306060706014,-23.42275589448596,15.398478,4,2,"P=3.92h, Amp=1.93mag, CVprob=0.98, Bulge"
TIC 1613702854.0,8860710006140,273.3609484476911,-24.107357038976566,13.681734,4,2,"P=9.50h, Amp=1.98mag, CVprob=0.98, Bulge"
TIC 1606448057.0,9151503005602,271.3392134328081,-27.038102492559783,15.785627,4,2,"P=3.73h, Amp=1.42mag, CVprob=0.98, Bulge"
TIC 1606581755.0,9126933000644,271.87844976135943,-26.791392469830512,13.903761,4,2,"P=23.09h, Amp=1.43mag, CVprob=0.98, Bulge"
TIC 195946129.0,9294852000712,270.33418422935017,-28.50637690885595,13.211275,4,2,"P=0.22h, Amp=1.46mag, CVprob=0.98, Bulge"
TIC 1606648309.0,9102357000944,271.8779539757997,-26.520944630993515,12.89799,4,2,"P=4.79h, Amp=1.10mag, CVprob=0.98, Bulge"
TIC 248761226.0,8999960000283,272.1218139482487,-25.51796566739288,13.401585,4,2,"P=0.24h, Amp=1.08mag, CVprob=0.98, Bulge"
TIC 249059281.0,9016347007267,272.39131675055506,-25.655274219983724,11.222708,4,2,"P=10.63h, Amp=1.95mag, CVprob=0.98, Bulge"
TIC 249046506.0,9118748010996,272.5008163297962,-26.722789862094697,11.888726,4,2,"P=1.79h, Amp=1.40mag, CVprob=0.98, Bulge"
TIC 1603487082.0,9327617000893,270.10822474836624,-28.85243162883966,15.431648,4,2,"P=0.24h, Amp=1.01mag, CVprob=0.98, Bulge"
TIC 406472484.0,9303051010513,270.9556631427016,-28.57411081657189,11.796259,4,2,"P=15.90h, Amp=1.68mag, CVprob=0.98, Bulge"
TIC 443921714.0,9045011000213,271.7387996040566,-25.96105194852508,13.386443,4,2,"P=0.24h, Amp=1.88mag, CVprob=0.98, Bulge"
TIC 1609453225.0,9032729003347,272.23194406145296,-25.813727099012763,13.965754,4,2,"P=11.94h, Amp=1.53mag, CVprob=0.98, Bulge"
TIC 406301641.0,9188362002807,270.89486220587884,-27.398727016237483,12.126182,4,2,"P=8.11h, Amp=2.06mag, CVprob=0.98, Bulge"
TIC 377354461.0,8983586001204,272.98827240459326,-25.321773112207328,12.462978,4,2,"P=11.94h, Amp=1.88mag, CVprob=0.98, Bulge"
TIC 1612348960.0,8873003000666,273.8035282386357,-24.213098756309897,14.681759,4,2,"P=0.24h, Amp=1.55mag, CVprob=0.98, Bulge"
TIC 196535527.0,9327622000463,270.5345145947132,-28.810613290248277,13.323422,4,2,"P=0.24h, Amp=1.42mag, CVprob=0.98, Bulge"
TIC 195176819.0,9434113002318,270.076485451547,-29.967921778076043,12.047049,4,2,"P=4.77h, Amp=2.17mag, CVprob=0.98, Bulge"
TIC 443773599.0,9135122006246,271.6186509889786,-26.857934544745365,11.767155,4,2,"P=23.09h, Amp=1.72mag, CVprob=0.98, Bulge"
TIC 195788823.0,9331714001867,270.18791812177403,-28.88433216393909,13.726472,4,2,"P=5.99h, Amp=1.40mag, CVprob=0.98, Bulge"
TIC 249063658.0,8983580000095,272.45339647990426,-25.319445099289474,12.901961,4,2,"P=11.94h, Amp=1.86mag, CVprob=0.98, Bulge"
TIC 1606511340.0,9147405000412,271.1512816238835,-27.002993765067718,14.634683,4,2,"P=23.09h, Amp=1.33mag, CVprob=0.98, Bulge"
TIC 249646761.0,8856616001046,273.5450540519859,-24.047374672819448,12.429648,4,2,"P=9.50h, Amp=2.10mag, CVprob=0.98, Bulge"
TIC 1609268442.0,9024541001140,272.586689668344,-25.74118291718379,13.37606,4,2,"P=11.94h, Amp=1.21mag, CVprob=0.98, Bulge"
TIC 1605521710.0,9188374000520,271.9328422432717,-27.433192922122487,14.655942,4,2,"P=6.07h, Amp=1.01mag, CVprob=0.98, Bulge"
TIC 407091949.0,9262093000663,271.16183828469786,-28.18606527571709,12.164463,4,2,"P=0.24h, Amp=1.65mag, CVprob=0.98, Bulge"
TIC 1609223702.0,9045019008034,272.394561103643,-25.96220897277972,15.539993,4,2,"P=11.94h, Amp=1.53mag, CVprob=0.98, Bulge"
TIC 407725008.0,9221135000790,271.34836258074284,-27.753333670381043,12.313091,4,2,"P=5.99h, Amp=1.62mag, CVprob=0.98, Bulge"
TIC 196533137.0,9339910001260,270.58850066201103,-28.987454161400223,13.307666,4,2,"P=5.99h, Amp=1.36mag, CVprob=0.98, Bulge"
TIC 406386943.0,9327626003393,270.8929872900975,-28.85985249789537,14.0655365,4,2,"P=4.91h, Amp=1.31mag, CVprob=0.98, Bulge"
TIC 244504885.0,8606770100318,274.40107865141505,-21.589813002077676,11.3857155,4,2,"P=8.00h, Amp=2.51mag, CVprob=0.98, Bulge"
TIC 264970976.0,9462787003013,270.31566219301993,-30.287838524124567,11.45926,4,2,"P=4.77h, Amp=2.45mag, CVprob=0.98, Bulge"
TIC 136154376.0,9376762027999,269.46285112615084,-29.351620072529425,11.874302,4,2,"P=3.52h, Amp=2.67mag, CVprob=0.98, Bulge"
TIC 248419772.0,9143318000200,271.9610214573562,-26.96140378017672,12.508322,4,2,"P=6.07h, Amp=1.09mag, CVprob=0.98, Bulge"
TIC 196399352.0,9274373001553,270.4992081062853,-28.28520745233206,13.447749,4,2,"P=5.99h, Amp=1.48mag, CVprob=0.98, Bulge"
TIC 406472311.0,9303051009102,270.9606191077773,-28.58236745266367,11.761922,4,2,"P=15.90h, Amp=1.73mag, CVprob=0.98, Bulge"
TIC 248885817.0,9167897002769,272.2500898825317,-27.18964075707466,11.5183325,4,2,"P=7.95h, Amp=1.73mag, CVprob=0.98, Bulge"
TIC 248458357.0,9004053008136,271.913060973113,-25.54414708072635,11.485537,4,2,"P=3.14h, Amp=2.17mag, CVprob=0.98, Bulge"
TIC 1606875773.0,9102351008404,271.36797372541275,-26.531142999116465,16.092782,4,2,"P=23.09h, Amp=1.11mag, CVprob=0.98, Bulge"
TIC 443775956.0,9118739000045,271.6905000375886,-26.6787227309425,13.774248,4,2,"P=4.79h, Amp=1.39mag, CVprob=0.98, Bulge"
TIC 1613935132.0,8815654023041,273.38209029506464,-23.63743793292834,15.304513,4,2,"P=5.04h, Amp=2.41mag, CVprob=0.98, Bulge"
TIC 407289504.0,9184270009935,271.2607318723041,-27.353578443750465,12.945513,4,2,"P=5.98h, Amp=1.65mag, CVprob=0.98, Bulge"
TIC 1603894796.0,9307142000532,270.58447631422825,-28.61436171106545,13.490893,4,2,"P=5.99h, Amp=1.51mag, CVprob=0.98, Bulge"
TIC 377461520.0,9049122007051,272.9859288953468,-26.00112573970581,11.7864685,4,2,"P=3.18h, Amp=1.34mag, CVprob=0.98, Bulge"
TIC 248460760.0,8987670000503,271.9708417744741,-25.37146272617399,13.447012,4,2,"P=0.24h, Amp=1.17mag, CVprob=0.98, Bulge"
TIC 1606087226.0,9167883009629,270.9950964942752,-27.175490263957645,13.608763,4,2,"P=23.09h, Amp=1.47mag, CVprob=0.98, Bulge"
TIC 1605428685.0,9176088008344,272.142163863053,-27.275836804797105,11.849522,4,2,"P=8.30h, Amp=1.23mag, CVprob=0.98, Bulge"
TIC 1439002983.0,9360380000078,269.67203278178584,-29.16771234008858,11.769177,4,2,"P=22.40h, Amp=2.41mag, CVprob=0.98, Bulge"
TIC 1605752223.0,9135125000847,271.8959944221028,-26.8417234798652,14.868593,4,2,"P=6.07h, Amp=1.49mag, CVprob=0.98, Bulge"
TIC 1609333988.0,9049110003173,271.9015371278236,-25.987676254457117,15.892609,4,2,"P=11.94h, Amp=1.70mag, CVprob=0.98, Bulge"
TIC 443771491.0,9151506001509,271.63239771369643,-27.020263426071885,11.680234,4,2,"P=23.09h, Amp=1.60mag, CVprob=0.98, Bulge"
TIC 264571310.0,8860708000111,273.15607170038624,-24.10213618831885,13.080437,4,2,"P=9.50h, Amp=2.12mag, CVprob=0.98, Bulge"
TIC 443771139.0,9155603009464,271.65485301100586,-27.046050888139952,11.764827,4,2,"P=23.09h, Amp=1.27mag, CVprob=0.98, Bulge"
TIC 1606742378.0,9131021000015,271.13102930835424,-26.798090512560105,13.656429,4,2,"P=4.81h, Amp=1.77mag, CVprob=0.98, Bulge"
TIC 248753404.0,9061400000927,272.1341712748969,-26.12685130950385,13.234321,4,2,"P=11.94h, Amp=1.60mag, CVprob=0.98, Bulge"
TIC 1606551462.0,9131023000549,271.29467956358945,-26.833081861447468,14.77738,4,2,"P=4.79h, Amp=1.34mag, CVprob=0.98, Bulge"
TIC 196393534.0,9241605007272,270.4503714094113,-27.96345841852386,10.966762,4,2,"P=23.39h, Amp=2.47mag, CVprob=0.98, Bulge"
TIC 1610059889.0,8959010000708,272.9697877777797,-25.09943698817022,13.406315,4,2,"P=9.50h, Amp=1.92mag, CVprob=0.98, Bulge"
TIC 249049648.0,9094171000377,272.4134702156193,-26.45923982669733,11.55026,4,2,"P=7.99h, Amp=1.98mag, CVprob=0.98, Bulge"
TIC 407370934.0,9106447011004,271.29666112786936,-26.55324836746844,11.22521,4,2,"P=23.30h, Amp=2.57mag, CVprob=0.98, Bulge"
TIC 244298514.0,8713264018329,274.218556931984,-22.662949109953477,13.788069,4,2,"P=2.80h, Amp=0.99mag, CVprob=0.98, Bulge"
TIC 408064284.0,9167888002057,271.4755060069024,-27.200007652819515,13.792133,4,2,"P=4.79h, Amp=1.21mag, CVprob=0.98, Bulge"
TIC 443743372.0,9196563010022,271.67070481328824,-27.50289244897406,11.768484,4,2,"P=23.08h, Amp=1.71mag, CVprob=0.98, Bulge"
TIC 443981230.0,9204756000342,271.7794583477694,-27.57205893632637,12.31234,4,2,"P=4.79h, Amp=1.42mag, CVprob=0.98, Bulge"
TIC 1605268272.0,9200662001151,271.962364533314,-27.510748280612876,15.938906,4,2,"P=4.79h, Amp=1.39mag, CVprob=0.98, Bulge"
TIC 406311883.0,9257993002949,270.8682864401431,-28.12951232663521,11.518228,4,2,"P=14.10h, Amp=1.69mag, CVprob=0.98, Bulge"
TIC 1606453433.0,9155602001900,271.58578534488555,-27.050608525430363,14.756086,4,2,"P=22.38h, Amp=1.42mag, CVprob=0.98, Bulge"
TIC 248458963.0,9004053008129,271.88848504338864,-25.500544130167736,11.746422,4,2,"P=3.38h, Amp=1.98mag, CVprob=0.98, Bulge"
TIC 1609009779.0,9081880001482,272.10587930461816,-26.351838493545028,13.583617,4,2,"P=11.94h, Amp=1.50mag, CVprob=0.98, Bulge"
TIC 1606431266.0,9155601001378,271.4579111116606,-27.063250307463164,13.849729,4,2,"P=0.21h, Amp=1.28mag, CVprob=0.98, Bulge"
TIC 1606114938.0,9151500006226,271.0771719333403,-27.009386017878665,15.564113,4,2,"P=23.09h, Amp=1.37mag, CVprob=0.98, Bulge"
TIC 249046506.0,9118748010996,272.5008163297962,-26.722789862094697,11.888726,4,2,"P=8.15h, Amp=1.40mag, CVprob=0.98, Bulge"
TIC 1609361711.0,9036822008119,271.9737471881204,-25.83331143224094,16.051781,4,2,"P=0.24h, Amp=1.19mag, CVprob=0.98, Bulge"
TIC 405068648.0,8856619004875,273.8597542052896,-24.04962989487901,11.79755,4,2,"P=1.55h, Amp=1.98mag, CVprob=0.98, Bulge"
TIC 443979987.0,9192468012132,271.8081759569336,-27.48238273641029,11.649584,4,2,"P=23.08h, Amp=2.05mag, CVprob=0.98, Bulge"
TIC 196392618.0,9237509004141,270.4607205459498,-27.89781496788518,13.38216,4,2,"P=23.09h, Amp=1.59mag, CVprob=0.98, Bulge"
TIC 1609623736.0,9028638006040,272.6666588621692,-25.77139742436245,15.854483,4,2,"P=11.94h, Amp=1.21mag, CVprob=0.98, Bulge"
TIC 1603383846.0,9368580038957,270.3709356074228,-29.25342762457741,15.148527,4,2,"P=3.19h, Amp=1.92mag, CVprob=0.98, Bulge"
TIC 406987894.0,9196556000160,271.0737156122532,-27.501859809268304,13.177633,4,2,"P=6.07h, Amp=1.49mag, CVprob=0.98, Bulge"
TIC 407369435.0,9114638009464,271.255809734827,-26.66150120809252,11.643253,4,2,"P=23.08h, Amp=1.89mag, CVprob=0.98, Bulge"
TIC 406310973.0,9253898006177,270.8683567463345,-28.068268289386516,11.671513,4,2,"P=15.90h, Amp=1.91mag, CVprob=0.98, Bulge"
TIC 1603637995.0,9327625001685,270.7779023312697,-28.834597847144508,13.860588,4,2,"P=5.99h, Amp=1.34mag, CVprob=0.98, Bulge"
TIC 1609558966.0,9004053002085,271.8818003269716,-25.51349150861631,11.866348,4,2,"P=7.99h, Amp=1.88mag, CVprob=0.98, Bulge"
TIC 1605635404.0,9147412012152,271.7443237905592,-26.96780135600467,16.052452000000002,4,2,"P=6.07h, Amp=1.31mag, CVprob=0.98, Bulge"
TIC 249341809.0,9073695008138,272.74910203766115,-26.221017926321693,13.447157,4,2,"P=11.94h, Amp=1.70mag, CVprob=0.98, Bulge"
TIC 268246191.0,8930342005815,273.3868878773711,-24.776300325551063,11.6412115,4,2,"P=3.74h, Amp=2.63mag, CVprob=0.98, Bulge"
TIC 196392370.0,9237509010121,270.438305285623,-27.879220776420023,11.799052,4,2,"P=22.42h, Amp=1.92mag, CVprob=0.98, Bulge"
TIC 196393276.0,9237509003585,270.4401150122918,-27.944239582812784,11.202673,4,2,"P=23.30h, Amp=2.79mag, CVprob=0.98, Bulge"
TIC 1605759802.0,9135128000296,272.12891415641224,-26.84707327549404,13.892842,4,2,"P=4.79h, Amp=1.09mag, CVprob=0.98, Bulge"
TIC 1608775815.0,9036833003946,272.9345532150614,-25.82982306875026,15.51407,4,2,"P=4.41h, Amp=1.28mag, CVprob=0.98, Bulge"
TIC 1609558966.0,9004053002085,271.8818003269716,-25.51349150861631,11.866348,4,2,"P=3.38h, Amp=1.88mag, CVprob=0.98, Bulge"
TIC 1603512331.0,9360393008293,270.80236340083843,-29.2084734603146,16.648472,4,2,"P=26.73h, Amp=1.17mag, CVprob=0.98, Bulge"
TIC 1609059230.0,9085973002096,271.87520774391885,-26.38729828653273,14.187037,4,2,"P=11.94h, Amp=2.00mag, CVprob=0.98, Bulge"
TIC 248412579.0,9196565009739,271.87440876237446,-27.502669253668557,11.152617,4,2,"P=23.08h, Amp=2.31mag, CVprob=0.98, Bulge"
TIC 407809805.0,9303055000409,271.3190151817546,-28.567928739053205,11.7378435,4,2,"P=15.90h, Amp=1.71mag, CVprob=0.98, Bulge"
TIC 1631321171.0,8655919002361,274.13406758765143,-22.046842390544384,15.5770645,4,2,"P=8.00h, Amp=2.41mag, CVprob=0.98, Bulge"
TIC 248584414.0,9139224001362,272.0721351855227,-26.90321896465366,11.722625,4,2,"P=8.29h, Amp=1.83mag, CVprob=0.98, Bulge"
TIC 1611857599.0,8913954005397,273.03046995243426,-24.60854922308981,15.45179,4,2,"P=0.24h, Amp=2.44mag, CVprob=0.98, Bulge"
TIC 248761604.0,8999960001163,272.13765605259056,-25.488570478365705,13.727622,4,2,"P=11.94h, Amp=1.74mag, CVprob=0.98, Bulge"
TIC 378130319.0,8905769000801,273.6485828869696,-24.54952819069401,12.495586,4,2,"P=9.50h, Amp=2.00mag, CVprob=0.98, Bulge"
TIC 407370726.0,9106446003919,271.2468474162764,-26.567788392374528,11.31548,4,2,"P=23.16h, Amp=2.81mag, CVprob=0.98, Bulge"
TIC 196393276.0,9237509003585,270.4401150122918,-27.944239582812784,11.202673,4,2,"P=23.30h, Amp=2.79mag, CVprob=0.98, Bulge"
TIC 196545886.0,9249798005122,270.5414278177459,-28.03200088060927,12.018362,4,2,"P=0.24h, Amp=1.37mag, CVprob=0.98, Bulge"
TIC 378128666.0,8918058005885,273.65829671961563,-24.66624578950308,11.875929,4,2,"P=9.10h, Amp=1.77mag, CVprob=0.98, Bulge"
TIC 408073010.0,9208848000762,271.4635201096865,-27.64316176504804,11.949106,4,2,"P=4.79h, Amp=1.38mag, CVprob=0.98, Bulge"
TIC 1438949655.0,9364478007503,269.84660583269607,-29.229039451685,15.207906,4,2,"P=4.77h, Amp=1.85mag, CVprob=0.98, Bulge"
TIC 378246350.0,8926250004222,273.7065447531737,-24.755129984345725,11.678579,4,2,"P=3.44h, Amp=2.68mag, CVprob=0.98, Bulge"
TIC 378243895.0,8909867006299,273.77520950983813,-24.55024568678797,11.698636,4,2,"P=15.75h, Amp=2.43mag, CVprob=0.98, Bulge"
TIC 1604522815.0,9282576003826,271.46958245783225,-28.355653201544104,13.671363,4,2,"P=0.24h, Amp=1.01mag, CVprob=0.98, Bulge"
TIC 249052893.0,9069596030155,272.4757372416876,-26.19643352949335,11.662437,4,2,"P=5.11h, Amp=1.55mag, CVprob=0.98, Bulge"
TIC 407715294.0,9155599000851,271.33352660354547,-27.047357328112238,13.539425,4,2,"P=6.07h, Amp=1.65mag, CVprob=0.98, Bulge"
TIC 443933657.0,9131028009258,271.77204157297723,-26.843767583160552,11.733605,4,2,"P=23.09h, Amp=1.80mag, CVprob=0.98, Bulge"
TIC 407367839.0,9126926000951,271.25187609701266,-26.77736186529541,13.536033,4,2,"P=23.09h, Amp=1.71mag, CVprob=0.98, Bulge"
TIC 1609169485.0,9057310001067,272.64349142368576,-26.094698946614454,15.217178,4,2,"P=43.24h, Amp=1.02mag, CVprob=0.98, Bulge"
TIC 1608762841.0,9049121007697,272.89048514451923,-25.959053598477716,11.706644,4,2,"P=3.18h, Amp=1.80mag, CVprob=0.98, Bulge"
TIC 443744116.0,9192466011674,271.605999845523,-27.44637848387449,11.479864,4,2,"P=23.15h, Amp=1.93mag, CVprob=0.98, Bulge"
TIC 1631017308.0,8623156014448,274.5933847859937,-21.73467937257253,15.404116,4,2,"P=8.00h, Amp=2.34mag, CVprob=0.98, Bulge"
TIC 1605128616.0,9188369000295,271.45055459380944,-27.40564421385239,15.116837,4,2,"P=6.08h, Amp=1.28mag, CVprob=0.98, Bulge"
TIC 1611806183.0,8930338006584,273.0523007737541,-24.79135268324604,15.995731,4,2,"P=9.50h, Amp=2.06mag, CVprob=0.98, Bulge"
TIC 1603741483.0,9307148008650,271.09169702876954,-28.60254944800175,11.642023,4,2,"P=7.96h, Amp=1.22mag, CVprob=0.98, Bulge"
TIC 249451207.0,9049120008490,272.8151124508294,-25.96170477074824,11.144983,4,2,"P=5.11h, Amp=1.93mag, CVprob=0.98, Bulge"
TIC 1604150015.0,9253895007193,270.6049011773091,-28.09334156208442,15.55175,4,2,"P=2.55h, Amp=0.79mag, CVprob=0.98, Bulge"
TIC 1605297169.0,9192471000483,272.0454762606568,-27.469233713026867,14.545855,4,2,"P=4.79h, Amp=1.06mag, CVprob=0.98, Bulge"
TIC 407715581.0,9155599000690,271.32214136259046,-27.06791958581292,13.358002,4,2,"P=4.79h, Amp=1.54mag, CVprob=0.98, Bulge"
TIC 443978082.0,9184276007480,271.8069069616457,-27.34219999730291,11.472324,4,2,"P=23.15h, Amp=2.08mag, CVprob=0.98, Bulge"
TIC 1438807877.0,9425919001908,269.9178024021512,-29.86003981811626,14.000664,4,2,"P=4.77h, Amp=2.26mag, CVprob=0.98, Bulge"
TIC 406470344.0,9315338005988,270.9364937176591,-28.72153409892439,11.313345,4,2,"P=23.39h, Amp=2.18mag, CVprob=0.98, Bulge"
TIC 249366085.0,8987679000424,272.739732715614,-25.35800648173913,13.68479,4,2,"P=11.94h, Amp=1.88mag, CVprob=0.98, Bulge"
TIC 377461792.0,9053217026827,272.9656689677089,-26.02442783944518,11.648716,4,2,"P=1.94h, Amp=1.81mag, CVprob=0.98, Bulge"
TIC 378128923.0,8918058028995,273.6599257635996,-24.65508210853997,11.707728,4,2,"P=15.75h, Amp=2.48mag, CVprob=0.98, Bulge"
TIC 248537628.0,8983575003315,272.0141327597787,-25.33088712184181,11.55751,4,2,"P=13.05h, Amp=2.14mag, CVprob=0.98, Bulge"
TIC 136154718.0,9376762004555,269.4877982183574,-29.32820828267671,11.784195,4,2,"P=3.52h, Amp=2.79mag, CVprob=0.98, Bulge"
TIC 261609155.0,9446393007038,269.42856017979585,-30.05208150014513,11.545533,4,2,"P=3.19h, Amp=2.37mag, CVprob=0.98, Bulge"
TIC 405771403.0,9356295001459,270.65499622600345,-29.110766350359736,13.127707,4,2,"P=0.24h, Amp=1.46mag, CVprob=0.98, Bulge"
TIC 249053141.0,9069596031190,272.4882059673824,-26.17544532202256,11.390335,4,2,"P=5.11h, Amp=2.29mag, CVprob=0.98, Bulge"
TIC 378126297.0,8930345006417,273.6681191334706,-24.776853294469568,11.667417,4,2,"P=15.75h, Amp=2.87mag, CVprob=0.98, Bulge"
TIC 248714468.0,9180185007505,272.1951707100477,-27.33892651020191,11.674742,4,2,"P=23.23h, Amp=1.60mag, CVprob=0.98, Bulge"
TIC 408063593.0,9163794001460,271.54897564218527,-27.1504645453379,13.880282,4,2,"P=6.07h, Amp=1.11mag, CVprob=0.98, Bulge"
TIC 1603999054.0,9303048008085,270.72941700493493,-28.58885585429144,15.99947,4,2,"P=7.96h, Amp=1.33mag, CVprob=0.98, Bulge"
TIC 136900776.0,9356283033186,269.61104321891924,-29.168038846172657,11.782795,4,2,"P=3.52h, Amp=2.27mag, CVprob=0.98, Bulge"
TIC 1603519668.0,9356296001358,270.7397233779874,-29.125774867365863,15.102582,4,2,"P=0.24h, Amp=1.37mag, CVprob=0.98, Bulge"
TIC 1609301378.0,9061397003992,271.86934728093826,-26.111374898910224,15.716759,4,2,"P=11.94h, Amp=1.53mag, CVprob=0.98, Bulge"
TIC 248885817.0,9167897002769,272.2500898825317,-27.18964075707466,11.5183325,4,2,"P=23.32h, Amp=1.73mag, CVprob=0.98, Bulge"
TIC 248715900.0,9171993008360,272.2279786329228,-27.22602086359624,11.494086,4,2,"P=23.09h, Amp=1.85mag, CVprob=0.98, Bulge"
TIC 248589716.0,9180184000382,272.0843543974965,-27.33018088577566,11.650779,4,2,"P=23.08h, Amp=1.68mag, CVprob=0.98, Bulge"
TIC 1603741343.0,9307148002547,271.0927562031794,-28.60226833489644,11.6911745,4,2,"P=7.96h, Amp=1.74mag, CVprob=0.98, Bulge"
TIC 1605854980.0,9204747005933,270.99163162752336,-27.57174155655754,14.91092,4,2,"P=8.19h, Amp=1.47mag, CVprob=0.98, Bulge"
TIC 1603835517.0,9278476000432,271.0686718049481,-28.349867735127013,14.616969,4,2,"P=0.24h, Amp=1.30mag, CVprob=0.98, Bulge"
TIC 1605715217.0,9131034000495,272.2846962714842,-26.80479368572644,14.996733,4,2,"P=6.07h, Amp=1.14mag, CVprob=0.98, Bulge"
TIC 248589876.0,9180184007704,272.09310401801264,-27.34273776372831,11.590977,4,2,"P=23.08h, Amp=1.48mag, CVprob=0.98, Bulge"
TIC 407367465.0,9126925003374,271.18935245507095,-26.804550635862867,11.774277,4,2,"P=23.16h, Amp=1.88mag, CVprob=0.98, Bulge"
TIC 1609974578.0,8983577007425,272.2249520274132,-25.32761595695328,15.307672,4,2,"P=11.94h, Amp=1.72mag, CVprob=0.98, Bulge"
TIC 249450898.0,9040929007263,272.894603966864,-25.933682800708617,11.710607,4,2,"P=3.18h, Amp=1.60mag, CVprob=0.98, Bulge"
TIC 1611813641.0,8926246000039,273.35566031052684,-24.77226934490516,15.093131,4,2,"P=9.50h, Amp=1.80mag, CVprob=0.98, Bulge"
TIC 1613114236.0,8946715000535,272.4194544762711,-24.958637634276737,15.901569,4,2,"P=11.94h, Amp=1.62mag, CVprob=0.98, Bulge"
TIC 249344107.0,9053214007688,272.66286274903865,-26.02670718101106,11.475623,4,2,"P=8.01h, Amp=1.60mag, CVprob=0.98, Bulge"
TIC 248589713.0,9180184001659,272.0805399624546,-27.33002265586818,11.525065,4,2,"P=5.02h, Amp=1.40mag, CVprob=0.98, Bulge"
TIC 407809831.0,9298959001094,271.37679997487623,-28.569529166784054,11.79365,4,2,"P=15.90h, Amp=1.75mag, CVprob=0.98, Bulge"
TIC 443979987.0,9192468012132,271.8081759569336,-27.48238273641029,11.649584,4,2,"P=23.23h, Amp=2.05mag, CVprob=0.98, Bulge"
TIC 377461903.0,9053217000940,272.97778456036195,-26.032715534764783,11.738625,4,2,"P=3.18h, Amp=1.80mag, CVprob=0.98, Bulge"
TIC 1609355413.0,9040917000879,271.86144001724705,-25.894997811473456,15.656883,4,2,"P=0.24h, Amp=1.24mag, CVprob=0.98, Bulge"
TIC 165235406.0,8668213010948,274.73255781063824,-22.187227767891457,11.798508,4,2,"P=6.00h, Amp=2.38mag, CVprob=0.98, Bulge"
TIC 244504192.0,8598578046512,274.38957917709695,-21.52976124450268,11.522351,3,2,"P=4.80h, Amp=2.29mag, CVprob=0.98"
TIC 248457791.0,9008149010066,271.8596526865205,-25.58870591923545,12.762386,4,2,"P=0.24h, Amp=1.20mag, CVprob=0.98, Bulge"
TIC 1604218044.0,9266178010956,270.19001403594814,-28.216847608024462,16.117824,4,2,"P=23.09h, Amp=1.49mag, CVprob=0.98, Bulge"
TIC 443744704.0,9184274008695,271.62805171437884,-27.40107059583327,11.520182,4,2,"P=23.39h, Amp=1.77mag, CVprob=0.98, Bulge"
TIC 406313361.0,9270281011089,270.7772962386325,-28.236285330056266,11.606839,4,2,"P=15.90h, Amp=1.86mag, CVprob=0.98, Bulge"
TIC 248586382.0,9151511010559,272.06063543733364,-27.062058704092703,11.5653,4,2,"P=23.09h, Amp=1.93mag, CVprob=0.98, Bulge"
TIC 443980610.0,9200659009696,271.71108068118014,-27.526966696572,11.752203,4,2,"P=23.08h, Amp=1.29mag, CVprob=0.98, Bulge"
TIC 248715193.0,9176088003299,272.1933228746855,-27.282507741348496,11.3391485,4,2,"P=23.08h, Amp=2.24mag, CVprob=0.98, Bulge"
TIC 406564549.0,9241610000444,270.9050243119845,-27.948448409998505,13.29387,4,2,"P=5.99h, Amp=1.65mag, CVprob=0.98, Bulge"
TIC 377247127.0,8872993001806,272.9386407913612,-24.241049224645337,13.130892,4,2,"P=9.50h, Amp=2.04mag, CVprob=0.98, Bulge"
TIC 407097781.0,9303052007938,271.0405994938588,-28.59005080714688,11.540128,4,2,"P=14.82h, Amp=1.92mag, CVprob=0.98, Bulge"
TIC 248885194.0,9159706005650,272.31538635706653,-27.140318981411664,11.687008,4,2,"P=23.08h, Amp=1.83mag, CVprob=0.98, Bulge"
TIC 1606451076.0,9147408000784,271.42106463747257,-26.965441012143145,15.342093,4,2,"P=4.91h, Amp=1.39mag, CVprob=0.98, Bulge"
TIC 406978671.0,9135116011345,271.0968534960643,-26.84081447949602,11.74202,4,2,"P=6.09h, Amp=2.07mag, CVprob=0.98, Bulge"
TIC 243699904.0,8758314031969,273.71366107807813,-23.09326682317669,11.345886,4,2,"P=7.55h, Amp=2.61mag, CVprob=0.98, Bulge"
TIC 408175859.0,9282577007308,271.5213763957485,-28.370073891838533,11.517405,4,2,"P=14.82h, Amp=1.83mag, CVprob=0.98, Bulge"
TIC 443980349.0,9200659003083,271.7193265055431,-27.50718532820276,11.613389,4,2,"P=23.08h, Amp=1.85mag, CVprob=0.98, Bulge"
TIC 248589716.0,9180184000382,272.0843543974965,-27.33018088577566,11.650779,4,2,"P=11.53h, Amp=1.68mag, CVprob=0.98, Bulge"
TIC 443983013.0,9217044000964,271.7799038315205,-27.705939997838588,11.647021,4,2,"P=6.07h, Amp=1.57mag, CVprob=0.98, Bulge"
TIC 406472375.0,9303051002021,270.9911125120859,-28.578253122677587,11.433683,4,2,"P=14.82h, Amp=2.48mag, CVprob=0.98, Bulge"
TIC 196391993.0,9233412006158,270.4224116951414,-27.85381085871659,11.795273,4,2,"P=5.98h, Amp=1.37mag, CVprob=0.98, Bulge"
TIC 249163767.0,9036829001848,272.60891049855525,-25.887372977332124,13.00657,4,2,"P=11.94h, Amp=1.42mag, CVprob=0.98, Bulge"
TIC 195953808.0,9249795006249,270.3126688375233,-28.013977558036142,11.696947,4,2,"P=23.16h, Amp=1.52mag, CVprob=0.98, Bulge"
TIC 1604487938.0,9303056001835,271.3821660598245,-28.59340553017547,14.550558,4,2,"P=0.24h, Amp=1.15mag, CVprob=0.98, Bulge"
TIC 248718189.0,9151512001580,272.13639702881284,-27.04388242742205,11.503066,4,2,"P=8.23h, Amp=1.85mag, CVprob=0.98, Bulge"
TIC 443770081.0,9159698005553,271.654502648321,-27.12351416950595,13.3015995,4,2,"P=4.79h, Amp=1.26mag, CVprob=0.98, Bulge"
TIC 1439328524.0,9307135001669,269.98443439167403,-28.637228263128574,13.63183,4,2,"P=0.24h, Amp=1.42mag, CVprob=0.98, Bulge"
TIC 443744044.0,9192466008161,271.6266234076801,-27.452248710595363,11.853268,4,2,"P=22.35h, Amp=1.29mag, CVprob=0.98, Bulge"
TIC 1605776752.0,9131031005152,271.9976330920546,-26.817280256174527,15.151076,4,2,"P=22.37h, Amp=1.40mag, CVprob=0.98, Bulge"
TIC 248416391.0,9167894007882,271.97496187186425,-27.219086341948,11.673025,4,2,"P=23.08h, Amp=1.41mag, CVprob=0.98, Bulge"
TIC 407370482.0,9110542003489,271.2637102184226,-26.58593582412829,11.764548,4,2,"P=23.16h, Amp=1.72mag, CVprob=0.98, Bulge"
TIC 408176503.0,9286673002822,271.4705756548723,-28.418693671036007,11.77907,4,2,"P=14.82h, Amp=1.64mag, CVprob=0.98, Bulge"
TIC 407273327.0,9298958003243,271.2728423535875,-28.54576629055838,11.617138,4,2,"P=5.27h, Amp=1.72mag, CVprob=0.98, Bulge"
TIC 1608137185.0,9090077010648,272.53923521373554,-26.404741396319007,15.320037,4,2,"P=10.45h, Amp=1.11mag, CVprob=0.98, Bulge"
TIC 1606612000.0,9122838000090,271.9350927948739,-26.732224679994157,14.319668,4,2,"P=4.79h, Amp=1.26mag, CVprob=0.98, Bulge"
TIC 443743542.0,9196563008342,271.67824005669183,-27.490567037571168,11.815689,4,2,"P=23.08h, Amp=1.58mag, CVprob=0.98, Bulge"
TIC 248587607.0,9163799005341,272.0052548972798,-27.161312903770774,11.68649,4,2,"P=11.48h, Amp=1.31mag, CVprob=0.98, Bulge"
TIC 248715207.0,9176088001491,272.16990592203666,-27.28149924296061,11.758735,4,2,"P=23.08h, Amp=1.95mag, CVprob=0.98, Bulge"
TIC 249052893.0,9069596030155,272.4757372416876,-26.19643352949335,11.662437,4,2,"P=5.11h, Amp=1.55mag, CVprob=0.98, Bulge"
TIC 1610021919.0,8954907002154,272.4336477727104,-25.03642669511875,14.51687,4,2,"P=11.94h, Amp=1.73mag, CVprob=0.98, Bulge"
TIC 1613710327.0,8852519025622,273.40913432235857,-23.98842119031479,15.446293,4,2,"P=9.50h, Amp=1.86mag, CVprob=0.98, Bulge"
TIC 166480436.0,8664122000505,275.1137951295844,-22.1285612005354,11.999128,4,2,"P=8.00h, Amp=2.44mag, CVprob=0.98, Bulge"
TIC 407807114.0,9282576010785,271.4311056921061,-28.368767195051564,11.756605,4,2,"P=15.90h, Amp=1.79mag, CVprob=0.98, Bulge"
TIC 195953179.0,9249795009631,270.3308606214399,-28.055500617091287,11.559664,4,2,"P=23.16h, Amp=2.04mag, CVprob=0.98, Bulge"
TIC 1438995604.0,9368572042813,269.6091550755249,-29.274884242141173,11.655987,4,2,"P=5.70h, Amp=1.42mag, CVprob=0.98, Bulge"
TIC 1609977823.0,8979481002630,272.2261602517615,-25.268757727359343,16.087859,4,2,"P=11.94h, Amp=1.81mag, CVprob=0.98, Bulge"
TIC 407098399.0,9307147010012,271.0399972550693,-28.636510886180435,11.631964,4,2,"P=14.82h, Amp=1.53mag, CVprob=0.98, Bulge"
TIC 248756652.0,9036825003500,272.2432420762774,-25.87017877808645,14.084335,4,2,"P=11.94h, Amp=1.61mag, CVprob=0.98, Bulge"
TIC 195952971.0,9253891002638,270.2913216961908,-28.06854742556812,11.236008,4,2,"P=23.31h, Amp=1.89mag, CVprob=0.98, Bulge"
TIC 196394785.0,9253893002616,270.4393834435273,-28.053806648130003,11.210616,4,2,"P=7.96h, Amp=2.04mag, CVprob=0.98, Bulge"
TIC 1603995625.0,9278468010475,270.3628764937277,-28.3479889574178,15.49656,4,2,"P=2.45h, Amp=0.95mag, CVprob=0.98, Bulge"
TIC 378245940.0,8926251010157,273.7687616300709,-24.720712201108075,11.787147,4,2,"P=15.75h, Amp=2.10mag, CVprob=0.98, Bulge"
TIC 443977655.0,9180180010321,271.78796831882835,-27.31191527687785,11.819088,4,2,"P=4.79h, Amp=1.58mag, CVprob=0.98, Bulge"
TIC 248537995.0,8987670007252,272.01706095005625,-25.361212841409248,11.617197,4,2,"P=5.99h, Amp=2.51mag, CVprob=0.98, Bulge"
TIC 195952227.0,9257987008770,270.289003187058,-28.11610274794102,11.609262,4,2,"P=23.70h, Amp=1.73mag, CVprob=0.98, Bulge"
TIC 443744281.0,9188371003083,271.655669860084,-27.433051964194163,11.542307,4,2,"P=23.08h, Amp=1.88mag, CVprob=0.98, Bulge"
TIC 1605637876.0,9167896005308,272.15314764445,-27.22878175390852,11.756064,4,2,"P=11.48h, Amp=2.03mag, CVprob=0.98, Bulge"
TIC 1605836687.0,9221130004927,270.86540340881174,-27.7350201927568,15.218906,4,2,"P=0.24h, Amp=1.48mag, CVprob=0.98, Bulge"
TIC 249634819.0,8959016005062,273.52714342630867,-25.051700813518565,11.393888,4,2,"P=11.94h, Amp=2.67mag, CVprob=0.98, Bulge"
TIC 408068992.0,9192464000074,271.4857118474888,-27.446459851490854,13.459468,4,2,"P=4.79h, Amp=1.25mag, CVprob=0.98, Bulge"
TIC 408176499.0,9286672008074,271.44957893986475,-28.41825370046658,11.856472,4,2,"P=15.90h, Amp=1.38mag, CVprob=0.98, Bulge"
TIC 248585984.0,9151511008065,272.0845657038228,-27.029538730046337,11.548048,4,2,"P=23.09h, Amp=1.69mag, CVprob=0.98, Bulge"
TIC 268102882.0,8897572007907,273.22828723543194,-24.4765804018787,11.738981,4,2,"P=9.10h, Amp=2.18mag, CVprob=0.98, Bulge"
TIC 248717795.0,9155609009977,272.1698529079558,-27.074103647004264,11.537689,4,2,"P=11.53h, Amp=1.81mag, CVprob=0.98, Bulge"
TIC 248714968.0,9176088004060,272.14096849036326,-27.299459331506245,11.84564,4,2,"P=23.08h, Amp=1.84mag, CVprob=0.98, Bulge"
TIC 407369913.0,9110542011787,271.29009059870026,-26.62783000921438,11.548809,4,2,"P=6.09h, Amp=2.01mag, CVprob=0.98, Bulge"
TIC 263926673.0,9434112048218,270.00961263525863,-29.96776401262527,11.831736,4,2,"P=2.30h, Amp=0.42mag, CVprob=0.98, Bulge"
TIC 136154134.0,9376762003325,269.4534154133179,-29.367128883559104,12.00617,4,2,"P=4.18h, Amp=2.71mag, CVprob=0.98, Bulge"
TIC 248420819.0,9135126010165,271.97487797108306,-26.88074544648961,11.793958,4,2,"P=6.07h, Amp=1.91mag, CVprob=0.98, Bulge"
TIC 195953996.0,9245700004328,270.351160317567,-28.00295333491073,11.79593,4,2,"P=23.32h, Amp=1.37mag, CVprob=0.98, Bulge"
TIC 443979480.0,9192467009862,271.7393804612758,-27.446098391826904,11.847282,4,2,"P=23.08h, Amp=1.61mag, CVprob=0.98, Bulge"
TIC 1604285107.0,9245700004672,270.32334528182554,-27.996325335675973,11.634965,4,2,"P=23.16h, Amp=1.74mag, CVprob=0.98, Bulge"
TIC 1611879830.0,8893477000607,273.2506747830868,-24.45434029972756,13.874008,4,2,"P=0.24h, Amp=1.79mag, CVprob=0.98, Bulge"
TIC 268240770.0,8885286001895,273.32399907598653,-24.34327955374888,11.554924,4,2,"P=3.44h, Amp=2.01mag, CVprob=0.98, Bulge"
TIC 408054560.0,9098257001037,271.5054993959141,-26.50436335081536,11.225045,4,2,"P=6.07h, Amp=1.95mag, CVprob=0.98, Bulge"
TIC 1606474087.0,9147409000179,271.5056785521096,-26.95688211622612,14.444044,4,2,"P=4.91h, Amp=1.36mag, CVprob=0.98, Bulge"
TIC 248717795.0,9155609009977,272.1698529079558,-27.074103647004264,11.537689,4,2,"P=23.08h, Amp=1.81mag, CVprob=0.98, Bulge"
TIC 406472841.0,9298954010918,270.95023585214113,-28.560848271898298,11.652481,4,2,"P=14.82h, Amp=1.69mag, CVprob=0.98, Bulge"
TIC 407369435.0,9114638009464,271.255809734827,-26.66150120809252,11.643253,4,2,"P=23.08h, Amp=1.89mag, CVprob=0.98, Bulge"
TIC 195952378.0,9253891003571,270.2771340208461,-28.10683759626693,11.733386,4,2,"P=23.08h, Amp=1.63mag, CVprob=0.98, Bulge"
TIC 443979657.0,9196564007955,271.7582713659542,-27.457378251801742,11.191492,4,2,"P=23.15h, Amp=2.17mag, CVprob=0.98, Bulge"
TIC 1609676298.0,9024542001889,272.6197458602621,-25.732221208972167,14.394867,4,2,"P=11.94h, Amp=1.94mag, CVprob=0.98, Bulge"
TIC 406472513.0,9298955008657,271.0108233435226,-28.573412661192314,11.510682,4,2,"P=14.82h, Amp=2.11mag, CVprob=0.98, Bulge"
TIC 248714942.0,9180185000998,272.1908554483969,-27.301792288519746,11.882034,4,2,"P=6.07h, Amp=1.82mag, CVprob=0.98, Bulge"
TIC 443744704.0,9184274008695,271.62805171437884,-27.40107059583327,11.520182,4,2,"P=23.39h, Amp=1.77mag, CVprob=0.98, Bulge"
TIC 407370697.0,9106446009151,271.246395704763,-26.56964383926084,11.641716,4,2,"P=11.53h, Amp=1.73mag, CVprob=0.98, Bulge"
TIC 1610072103.0,8942627008700,273.08113015706465,-24.92989795689465,16.508974,4,2,"P=9.50h, Amp=1.97mag, CVprob=0.98, Bulge"
TIC 248589705.0,9180184001546,272.08822356522774,-27.329314868801465,11.759136,4,2,"P=8.29h, Amp=1.63mag, CVprob=0.98, Bulge"
TIC 408175506.0,9278481010508,271.45808942067976,-28.340572381615598,11.224114,4,2,"P=14.82h, Amp=2.13mag, CVprob=0.98, Bulge"
TIC 1605820397.0,9225222013964,270.5597918706126,-27.80906504309643,14.053623,4,2,"P=0.04h, Amp=1.87mag, CVprob=0.98, Bulge"
TIC 443977815.0,9180180009223,271.7976249411783,-27.32315096866808,11.711403,4,2,"P=11.53h, Amp=1.59mag, CVprob=0.98, Bulge"
TIC 248458428.0,9004053005855,271.8903252527483,-25.53871124971879,11.118631,4,2,"P=23.02h, Amp=2.72mag, CVprob=0.98, Bulge"
TIC 248885268.0,9163802008693,272.25146175138286,-27.145461881869327,11.722125,4,2,"P=11.53h, Amp=1.84mag, CVprob=0.98, Bulge"
TIC 1609558966.0,9004053002085,271.8818003269716,-25.51349150861631,11.866348,4,2,"P=7.99h, Amp=1.88mag, CVprob=0.98, Bulge"
TIC 248589714.0,9180183001051,272.0336436913573,-27.330086117486417,11.57374,4,2,"P=23.23h, Amp=2.00mag, CVprob=0.98, Bulge"
TIC 137014948.0,9364476004109,269.70350851309763,-29.19664774507617,11.7866535,4,2,"P=8.64h, Amp=1.68mag, CVprob=0.98, Bulge"
TIC 248715205.0,9176089005984,272.2020559490558,-27.281589648131725,11.86699,4,2,"P=11.48h, Amp=1.47mag, CVprob=0.98, Bulge"
TIC 407807461.0,9282575006119,271.35545988964265,-28.396306005535813,11.787734,4,2,"P=15.90h, Amp=1.76mag, CVprob=0.98, Bulge"
TIC 443744300.0,9188370001941,271.5812116646535,-27.43182208574657,11.634701,4,2,"P=23.32h, Amp=1.54mag, CVprob=0.98, Bulge"
TIC 195953302.0,9249795001606,270.3363442606699,-28.047058389688576,11.794003,4,2,"P=8.12h, Amp=1.74mag, CVprob=0.98, Bulge"
TIC 407806768.0,9282575010682,271.37182743522914,-28.34341668214734,11.310434,4,2,"P=14.82h, Amp=2.00mag, CVprob=0.98, Bulge"
TIC 1605820397.0,9225222013964,270.5597918706126,-27.80906504309643,14.053623,4,2,"P=0.24h, Amp=1.87mag, CVprob=0.98, Bulge"
TIC 248412579.0,9196565009739,271.87440876237446,-27.502669253668557,11.152617,4,2,"P=23.08h, Amp=2.31mag, CVprob=0.98, Bulge"
TIC 248883930.0,9151513002820,272.2407554484459,-27.04085652555573,11.522757,4,2,"P=23.23h, Amp=1.82mag, CVprob=0.98, Bulge"
TIC 1605311902.0,9184279008884,272.0315491637151,-27.364003882721786,11.555125,4,2,"P=23.08h, Amp=1.65mag, CVprob=0.98, Bulge"
TIC 1606044742.0,9188362009028,270.8937225338635,-27.390537763630935,16.130796,4,2,"P=6.07h, Amp=1.76mag, CVprob=0.98, Bulge"
TIC 443973832.0,9151507002345,271.7219468397074,-27.031338880371194,11.552224,4,2,"P=23.08h, Amp=1.71mag, CVprob=0.98, Bulge"
TIC 195952227.0,9257987008770,270.289003187058,-28.11610274794102,11.609262,4,2,"P=23.30h, Amp=1.73mag, CVprob=0.98, Bulge"
TIC 248884302.0,9155611003617,272.33823762907,-27.070147587949712,11.66213,4,2,"P=23.09h, Amp=1.54mag, CVprob=0.98, Bulge"
TIC 443980151.0,9196564010004,271.7250619817132,-27.49371954461908,11.95416,4,2,"P=11.48h, Amp=1.74mag, CVprob=0.98, Bulge"
TIC 248884088.0,9151513002938,272.2430904284995,-27.05336953270248,11.4465885,4,2,"P=23.39h, Amp=1.68mag, CVprob=0.98, Bulge"
TIC 195952908.0,9253891012986,270.27981161769503,-28.072450990737053,11.879955,4,2,"P=23.08h, Amp=1.48mag, CVprob=0.98, Bulge"
TIC 443746673.0,9176083009911,271.6943539791937,-27.25758600187133,11.75583,4,2,"P=23.09h, Amp=1.53mag, CVprob=0.98, Bulge"
TIC 407809140.0,9294863001276,271.3375264092771,-28.518107431833204,11.737513,4,2,"P=15.90h, Amp=1.32mag, CVprob=0.98, Bulge"
TIC 408176908.0,9290768010628,271.4390435254965,-28.450164014642763,11.708242,4,2,"P=15.90h, Amp=1.67mag, CVprob=0.98, Bulge"
TIC 377462333.0,9053217000668,272.941097810251,-26.065769562550816,11.674955,4,2,"P=3.18h, Amp=1.84mag, CVprob=0.98, Bulge"
TIC 407370697.0,9106446009151,271.246395704763,-26.56964383926084,11.641716,4,2,"P=11.53h, Amp=1.73mag, CVprob=0.98, Bulge"
TIC 248715160.0,9180184008569,272.11333825263256,-27.28530173841789,11.6644,4,2,"P=6.07h, Amp=1.54mag, CVprob=0.98, Bulge"
TIC 443743379.0,9196563009944,271.67310819483424,-27.502100485558717,11.796814,4,2,"P=23.08h, Amp=1.68mag, CVprob=0.98, Bulge"
TIC 249640271.0,8913960006605,273.5585693691981,-24.595808456799315,11.691739,4,2,"P=11.94h, Amp=1.91mag, CVprob=0.98, Bulge"
TIC 407809130.0,9294864003362,271.3910922399726,-28.5174757923119,11.615496,4,2,"P=15.90h, Amp=1.69mag, CVprob=0.98, Bulge"
TIC 165933978.0,8688696020142,274.923543463189,-22.407047957111335,11.470954,4,2,"P=8.00h, Amp=2.44mag, CVprob=0.98, Bulge"
TIC 443978082.0,9184276007480,271.8069069616457,-27.34219999730291,11.472324,4,2,"P=23.15h, Amp=2.08mag, CVprob=0.98, Bulge"
TIC 249450801.0,9045024007908,272.868584923116,-25.92556917878573,11.525539,4,2,"P=5.26h, Amp=1.49mag, CVprob=0.98, Bulge"
TIC 248714968.0,9176088004060,272.14096849036326,-27.299459331506245,11.84564,4,2,"P=11.48h, Amp=1.84mag, CVprob=0.98, Bulge"
TIC 377360951.0,9032738008662,272.9860645403488,-25.852934142291044,11.262732,4,2,"P=4.24h, Amp=1.81mag, CVprob=0.98, Bulge"
TIC 248716578.0,9163800000033,272.1173114892036,-27.17164446836866,11.541328,4,2,"P=6.06h, Amp=1.61mag, CVprob=0.98, Bulge"
TIC 407720123.0,9188367013834,271.33123699297374,-27.398884817720624,13.82486,4,2,"P=3.47h, Amp=1.37mag, CVprob=0.98, Bulge"
TIC 248717064.0,9163801000583,272.18998994698933,-27.13181508640935,11.846142,4,2,"P=8.25h, Amp=1.63mag, CVprob=0.98, Bulge"
TIC 248717533.0,9159704003027,272.1688683618838,-27.09459736931243,11.892846,4,2,"P=11.50h, Amp=1.22mag, CVprob=0.98, Bulge"
TIC 248581093.0,9110551009900,272.08379492661186,-26.630454660054195,11.56727,4,2,"P=23.08h, Amp=1.87mag, CVprob=0.98, Bulge"
TIC 377461520.0,9049122007051,272.9859288953468,-26.00112573970581,11.7864685,4,2,"P=3.18h, Amp=1.34mag, CVprob=0.98, Bulge"
TIC 1609051218.0,9069593005685,272.2500903980523,-26.16473378027772,14.690292,4,2,"P=11.94h, Amp=1.75mag, CVprob=0.98, Bulge"
TIC 406979604.0,9139213004310,271.1385696897557,-26.913638597277775,13.26776,4,2,"P=23.31h, Amp=1.65mag, CVprob=0.98, Bulge"
TIC 248458623.0,9004053010188,271.91218333101494,-25.525079075696468,11.349802,4,2,"P=3.14h, Amp=2.79mag, CVprob=0.98, Bulge"
TIC 248411902.0,9204758008130,271.9459419606061,-27.554468570130727,11.443381,4,2,"P=22.08h, Amp=1.29mag, CVprob=0.98, Bulge"
TIC 406474261.0,9294859011387,270.9381772506122,-28.51231680885107,11.420873,4,2,"P=14.82h, Amp=2.37mag, CVprob=0.98, Bulge"
TIC 406384982.0,9315336004031,270.7876352716404,-28.715836113177303,11.793258,4,2,"P=15.90h, Amp=1.19mag, CVprob=0.98, Bulge"
TIC 443746818.0,9171987009254,271.6377832271655,-27.247612896650804,11.709498,4,2,"P=7.94h, Amp=1.31mag, CVprob=0.98, Bulge"
TIC 196404663.0,9290756005723,270.4021515101844,-28.463282469603264,14.067554,4,2,"P=3.85h, Amp=1.41mag, CVprob=0.98, Bulge"
TIC 248717597.0,9159704008016,272.16319278664406,-27.088629577603765,11.682128,4,2,"P=11.53h, Amp=1.84mag, CVprob=0.98, Bulge"
TIC 268405639.0,8946725006874,273.3337574197801,-24.95507674573804,11.579088,4,2,"P=10.77h, Amp=2.52mag, CVprob=0.98, Bulge"
TIC 196394915.0,9253893005427,270.4173026159499,-28.062775637187887,11.462454,4,2,"P=0.12h, Amp=1.31mag, CVprob=0.98, Bulge"
TIC 407097781.0,9303052007938,271.0405994938588,-28.59005080714688,11.540128,4,2,"P=14.82h, Amp=1.92mag, CVprob=0.98, Bulge"
TIC 137014334.0,9364476046456,269.705969971607,-29.238590821862903,11.586308,4,2,"P=13.88h, Amp=2.38mag, CVprob=0.98, Bulge"
TIC 443743542.0,9196563008342,271.67824005669183,-27.490567037571168,11.815689,4,2,"P=23.23h, Amp=1.58mag, CVprob=0.98, Bulge"
TIC 407807114.0,9282576010785,271.4311056921061,-28.368767195051564,11.756605,4,2,"P=15.90h, Amp=1.79mag, CVprob=0.98, Bulge"
TIC 443744704.0,9184274008695,271.62805171437884,-27.40107059583327,11.520182,4,2,"P=23.39h, Amp=1.77mag, CVprob=0.98, Bulge"
TIC 248581093.0,9110551009900,272.08379492661186,-26.630454660054195,11.56727,4,2,"P=23.08h, Amp=1.87mag, CVprob=0.98, Bulge"
TIC 248885268.0,9163802008693,272.25146175138286,-27.145461881869327,11.722125,4,2,"P=23.08h, Amp=1.84mag, CVprob=0.98, Bulge"
TIC 443933657.0,9131028009258,271.77204157297723,-26.843767583160552,11.733605,4,2,"P=23.09h, Amp=1.80mag, CVprob=0.98, Bulge"
TIC 443980004.0,9196563001823,271.7049259812261,-27.48406963798825,11.686401,4,2,"P=23.32h, Amp=1.91mag, CVprob=0.98, Bulge"
TIC 248881295.0,9131034004288,272.3061265627597,-26.823186586693826,12.057582,4,2,"P=4.79h, Amp=1.30mag, CVprob=0.98, Bulge"
TIC 406384982.0,9315336004031,270.7876352716404,-28.715836113177303,11.793258,4,2,"P=15.90h, Amp=1.19mag, CVprob=0.98, Bulge"
TIC 249344104.0,9053214010418,272.70438875273425,-26.027000050953905,14.004206,4,2,"P=11.94h, Amp=1.49mag, CVprob=0.98, Bulge"
TIC 268405639.0,8946725006874,273.3337574197801,-24.95507674573804,11.579088,4,2,"P=10.77h, Amp=2.52mag, CVprob=0.98, Bulge"
TIC 248716856.0,9163801009765,272.1618296932349,-27.147222884639167,11.536921,4,2,"P=23.31h, Amp=1.36mag, CVprob=0.98, Bulge"
TIC 1605637422.0,9171992009018,272.12138108011044,-27.226146821120462,11.8030815,4,2,"P=23.32h, Amp=1.91mag, CVprob=0.98, Bulge"
TIC 248884740.0,9159706009129,272.2957987789088,-27.10189843301068,11.624917,4,2,"P=11.53h, Amp=1.77mag, CVprob=0.98, Bulge"
TIC 443744044.0,9192466008161,271.6266234076801,-27.452248710595363,11.853268,4,2,"P=22.35h, Amp=1.29mag, CVprob=0.98, Bulge"
TIC 406978230.0,9126924007323,271.0897185607504,-26.807763654389923,11.338551,4,2,"P=23.30h, Amp=2.63mag, CVprob=0.98, Bulge"
TIC 196392700.0,9237509003281,270.4325349302944,-27.903294463898423,11.400018,4,2,"P=23.31h, Amp=2.57mag, CVprob=0.98, Bulge"
TIC 377461903.0,9053217000940,272.97778456036195,-26.032715534764783,11.738625,4,2,"P=3.18h, Amp=1.80mag, CVprob=0.98, Bulge"
TIC 248537628.0,8983575003315,272.0141327597787,-25.33088712184181,11.55751,4,2,"P=13.05h, Amp=2.14mag, CVprob=0.98, Bulge"
TIC 195953596.0,9249795013293,270.33219283138675,-28.02861011408161,11.32584,4,2,"P=23.22h, Amp=1.83mag, CVprob=0.98, Bulge"
TIC 248585984.0,9151511008065,272.0845657038228,-27.029538730046337,11.548048,4,2,"P=23.08h, Amp=1.69mag, CVprob=0.98, Bulge"
TIC 378244026.0,8909867007442,273.7969771655015,-24.561070423032977,11.571485,4,2,"P=4.78h, Amp=2.80mag, CVprob=0.98, Bulge"
TIC 407809560.0,9298959002926,271.33136392631786,-28.55040763038888,11.495588,4,2,"P=5.76h, Amp=1.59mag, CVprob=0.98, Bulge"
TIC 268248204.0,8946726005032,273.39418611931626,-24.928720713529387,11.196245,4,2,"P=3.74h, Amp=2.43mag, CVprob=0.98, Bulge"
TIC 136899516.0,9352188011537,269.64314070747804,-29.090058006512585,11.803713,4,2,"P=4.18h, Amp=2.39mag, CVprob=0.98, Bulge"
TIC 1605504020.0,9196563004410,271.6717960438076,-27.48034672744501,11.696252,4,2,"P=23.08h, Amp=1.72mag, CVprob=0.98, Bulge"
TIC 407807461.0,9282575006119,271.35545988964265,-28.396306005535813,11.787734,4,2,"P=15.90h, Amp=1.76mag, CVprob=0.98, Bulge"
TIC 443743709.0,9192466010597,271.6143922090178,-27.47786659490765,11.757886,4,2,"P=22.35h, Amp=1.56mag, CVprob=0.98, Bulge"
TIC 378243486.0,8901675006053,273.763252710714,-24.519107828977152,11.730124,4,2,"P=4.78h, Amp=2.04mag, CVprob=0.98, Bulge"
TIC 248414812.0,9180182001627,271.95332877757767,-27.33053575508049,11.541175,4,2,"P=22.35h, Amp=1.96mag, CVprob=0.98, Bulge"
TIC 443744044.0,9192466008161,271.6266234076801,-27.452248710595363,11.853268,4,2,"P=22.35h, Amp=1.29mag, CVprob=0.98, Bulge"
TIC 1425092647.0,9450490051218,269.4981104430382,-30.14064415447564,14.555851,4,2,"P=1.49h, Amp=1.46mag, CVprob=0.98, Bulge"
TIC 248589240.0,9176087003122,272.06761684727843,-27.29197545511609,11.859079,4,2,"P=23.08h, Amp=1.93mag, CVprob=0.98, Bulge"
TIC 248458083.0,9008149010304,271.88114872508044,-25.565640309376988,11.460846,4,2,"P=3.14h, Amp=2.42mag, CVprob=0.98, Bulge"
TIC 1603798807.0,9303052008742,271.0293463211324,-28.576564158862052,11.623541,4,2,"P=14.82h, Amp=1.69mag, CVprob=0.98, Bulge"
TIC 406473669.0,9298954010969,270.943434363158,-28.53534480389134,11.63797,4,2,"P=14.82h, Amp=1.77mag, CVprob=0.98, Bulge"
TIC 407272525.0,9307150003180,271.26937983042063,-28.604330169878853,11.570816,4,2,"P=15.90h, Amp=1.75mag, CVprob=0.98, Bulge"
TIC 443979545.0,9196564005563,271.7605114178934,-27.450232198822683,11.575554,4,2,"P=23.08h, Amp=1.76mag, CVprob=0.98, Bulge"
TIC 406384982.0,9315336004031,270.7876352716404,-28.715836113177303,11.793258,4,2,"P=15.90h, Amp=1.19mag, CVprob=0.98, Bulge"
TIC 195780272.0,9278466011341,270.1406064126509,-28.336644572524904,11.402948,4,2,"P=23.30h, Amp=1.42mag, CVprob=0.98, Bulge"
TIC 248587717.0,9163799008680,272.0136068670195,-27.16940525279886,11.618056,4,2,"P=23.53h, Amp=1.83mag, CVprob=0.98, Bulge"
TIC 165935735.0,8676408002036,274.96785469867143,-22.24000861515872,11.541765,4,2,"P=8.00h, Amp=2.02mag, CVprob=0.98, Bulge"
TIC 244299803.0,8700975033407,274.1717343239628,-22.54531290915628,13.769486,4,2,"P=8.00h, Amp=2.59mag, CVprob=0.98, Bulge"
TIC 443744127.0,9192466008972,271.6023223215674,-27.444952555379466,11.737715,4,2,"P=23.32h, Amp=1.04mag, CVprob=0.98, Bulge"
TIC 408176024.0,9282576002572,271.467771619006,-28.38146603006764,11.777054,4,2,"P=15.90h, Amp=1.75mag, CVprob=0.98, Bulge"
TIC 443977357.0,9176083012789,271.7221407764278,-27.29173103580216,11.176456,4,2,"P=23.02h, Amp=2.10mag, CVprob=0.98, Bulge"
TIC 378245720.0,8922154023236,273.7303116337672,-24.70272142880165,11.570429,4,2,"P=15.75h, Amp=2.28mag, CVprob=0.98, Bulge"
TIC 248717763.0,9155608001459,272.1415340163091,-27.07667275231069,11.579144,4,2,"P=8.22h, Amp=2.12mag, CVprob=0.98, Bulge"
TIC 378243741.0,8905770003005,273.7488828094383,-24.538887412937225,11.75121,4,2,"P=9.10h, Amp=2.38mag, CVprob=0.98, Bulge"
TIC 377461386.0,9049122031276,273.0236530109422,-25.991435514733837,11.744589,4,2,"P=3.18h, Amp=1.71mag, CVprob=0.98, Bulge"
TIC 378243586.0,8905770005577,273.7340724902299,-24.526414784993168,11.621812,4,2,"P=3.74h, Amp=2.52mag, CVprob=0.98, Bulge"
TIC 165231873.0,8684598046430,274.7629774685281,-22.349328192465297,11.632227,4,2,"P=4.00h, Amp=2.03mag, CVprob=0.98, Bulge"
TIC 443770945.0,9155602008685,271.60966239791696,-27.06198261787065,11.736745,4,2,"P=0.24h, Amp=1.19mag, CVprob=0.98, Bulge"
TIC 195953479.0,9249795013938,270.3181654471855,-28.03655243291684,11.759526,4,2,"P=11.58h, Amp=1.85mag, CVprob=0.98, Bulge"
TIC 249348602.0,9016350010604,272.66156535369595,-25.64981533394868,11.506249,4,2,"P=1.94h, Amp=1.77mag, CVprob=0.98, Bulge"
TIC 406471966.0,9307147004655,271.0069358255655,-28.60606283622858,11.435887,4,2,"P=3.73h, Amp=2.04mag, CVprob=0.98, Bulge"
TIC 248715056.0,9180184003943,272.1124800070653,-27.29296287051236,11.743708,4,2,"P=23.32h, Amp=1.86mag, CVprob=0.98, Bulge"
TIC 248715603.0,9171993008885,272.2109477445875,-27.249908706500214,11.875286,4,2,"P=23.08h, Amp=1.61mag, CVprob=0.98, Bulge"
TIC 406471741.0,9307147002424,270.999163846936,-28.620885859084563,11.377977,4,2,"P=14.82h, Amp=2.06mag, CVprob=0.98, Bulge"
TIC 249053472.0,9065499010320,272.4059282840739,-26.14802921421925,11.840935,4,2,"P=3.18h, Amp=1.72mag, CVprob=0.98, Bulge"
TIC 1606791164.0,9110541010661,271.2034106897147,-26.60771877684857,13.758082,4,2,"P=0.29h, Amp=1.97mag, CVprob=0.98, Bulge"
TIC 407370697.0,9106446009151,271.246395704763,-26.56964383926084,11.641716,4,2,"P=11.53h, Amp=1.73mag, CVprob=0.98, Bulge"
TIC 377462372.0,9057314012376,272.9710481711903,-26.06988535022712,11.511881,4,2,"P=11.94h, Amp=1.90mag, CVprob=0.98, Bulge"
TIC 1609558966.0,9004053002085,271.8818003269716,-25.51349150861631,11.866348,4,2,"P=3.38h, Amp=1.88mag, CVprob=0.98, Bulge"
TIC 1605489208.0,9200659010168,271.7356481196481,-27.52419927815101,11.805003,4,2,"P=11.48h, Amp=2.12mag, CVprob=0.98, Bulge"
TIC 248538498.0,8991768007290,272.10799896872766,-25.40199868581896,10.854783,4,2,"P=8.31h, Amp=2.82mag, CVprob=0.98, Bulge"
TIC 249348602.0,9016350010604,272.66156535369595,-25.64981533394868,11.506249,4,2,"P=1.94h, Amp=1.77mag, CVprob=0.98, Bulge"
TIC 1609065805.0,9077783007896,272.04571488279555,-26.28820116277272,15.645668,4,2,"P=0.24h, Amp=1.56mag, CVprob=0.98, Bulge"
TIC 244542517.0,8795186046645,274.4009698523444,-23.45445549714037,11.761084,4,2,"P=7.55h, Amp=2.09mag, CVprob=0.98, Bulge"
TIC 406313697.0,9270282009900,270.8597380958576,-28.2611357264572,11.818196,4,2,"P=15.90h, Amp=1.82mag, CVprob=0.98, Bulge"
TIC 196393611.0,9241605009058,270.5015905896404,-27.969367724956207,11.431717,4,2,"P=22.07h, Amp=2.09mag, CVprob=0.98, Bulge"
TIC 406311675.0,9257992009334,270.7739302470089,-28.115564908169453,11.505514,4,2,"P=15.90h, Amp=1.71mag, CVprob=0.98, Bulge"
TIC 406472513.0,9298955008657,271.0108233435226,-28.573412661192314,11.509317,4,2,"P=3.73h, Amp=2.17mag, CVprob=0.98, Bulge"
TIC 261765016.0,9487355024760,269.604994255265,-30.49413454151574,13.938467,4,2,"P=1.71h, Amp=2.47mag, CVprob=0.98, Bulge"
TIC 1609066352.0,9077783006326,272.06018686483225,-26.25998021120524,15.701948,4,2,"P=11.94h, Amp=1.84mag, CVprob=0.98, Bulge"
TIC 406469568.0,9323530003139,270.9323242287758,-28.77585815784405,11.722805,4,2,"P=15.90h, Amp=1.89mag, CVprob=0.98, Bulge"
TIC 443743372.0,9196563010022,271.67070481328824,-27.50289244897406,11.768484,4,2,"P=23.23h, Amp=1.71mag, CVprob=0.98, Bulge"
TIC 407278945.0,9257998011282,271.29258941030935,-28.140490486743808,11.668066,4,2,"P=15.90h, Amp=1.48mag, CVprob=0.98, Bulge"
TIC 407098228.0,9307148009799,271.1322583946451,-28.622890578010573,11.499643,4,2,"P=14.82h, Amp=1.70mag, CVprob=0.98, Bulge"
TIC 407799877.0,9233423006719,271.38515051298845,-27.85243758081884,13.452665,4,2,"P=0.24h, Amp=1.49mag, CVprob=0.98, Bulge"
TIC 248884302.0,9155611003617,272.33823762907,-27.070147587949712,11.66213,4,2,"P=23.09h, Amp=1.54mag, CVprob=0.98, Bulge"
TIC 248589146.0,9176087008085,272.06708843204035,-27.28316003926898,11.789849,4,2,"P=8.29h, Amp=2.02mag, CVprob=0.98, Bulge"
TIC 443974852.0,9159700001622,271.767537254942,-27.104625972661704,11.905954,4,2,"P=6.07h, Amp=1.66mag, CVprob=0.98, Bulge"
TIC 407809431.0,9298959008966,271.35886930809903,-28.540317783636883,11.601895,4,2,"P=15.90h, Amp=1.57mag, CVprob=0.98, Bulge"
TIC 248589723.0,9180184008341,272.0980531663962,-27.33086055865909,11.700024,4,2,"P=23.08h, Amp=1.43mag, CVprob=0.98, Bulge"
TIC 268405865.0,8946726006155,273.39299238361025,-24.97383425019528,11.520378,4,2,"P=7.98h, Amp=2.30mag, CVprob=0.98, Bulge"
TIC 1605489208.0,9200659010168,271.7356481196481,-27.52419927815101,11.805003,4,2,"P=23.09h, Amp=2.12mag, CVprob=0.98, Bulge"
TIC 407098228.0,9307148009799,271.1322583946451,-28.622890578010573,11.499643,4,2,"P=14.82h, Amp=1.70mag, CVprob=0.98, Bulge"
TIC 378245228.0,8918059006599,273.7498043719122,-24.66222833232359,11.721863,4,2,"P=9.10h, Amp=1.80mag, CVprob=0.98, Bulge"
TIC 405782675.0,9274376009288,270.7601022156729,-28.312200931850352,11.803766,4,2,"P=15.90h, Amp=1.50mag, CVprob=0.98, Bulge"
TIC 167162603.0,8651836070416,275.3053654443213,-22.016894840225756,11.713514,4,2,"P=8.00h, Amp=2.47mag, CVprob=0.98, Bulge"
TIC 195952873.0,9253891012056,270.2994020384869,-28.075018649116235,11.133831,4,2,"P=23.31h, Amp=2.40mag, CVprob=0.98, Bulge"
TIC 406469568.0,9323530003139,270.9323242287758,-28.77585815784405,11.722805,4,2,"P=15.90h, Amp=1.89mag, CVprob=0.98, Bulge"
TIC 406474232.0,9298954008301,270.92335118479605,-28.513213588180868,11.548453,4,2,"P=14.82h, Amp=1.81mag, CVprob=0.98, Bulge"
TIC 248592652.0,9204759009515,271.9873545769645,-27.565491668801776,11.399173,4,2,"P=23.23h, Amp=1.80mag, CVprob=0.98, Bulge"
TIC 248763327.0,8987672002072,272.12872053087665,-25.36012330063552,11.057032,4,2,"P=8.31h, Amp=2.73mag, CVprob=0.98, Bulge"
TIC 248414726.0,9180182003106,271.9086271949997,-27.33716850160815,11.728261,4,2,"P=23.09h, Amp=1.82mag, CVprob=0.98, Bulge"
TIC 248414726.0,9180182003106,271.9086271949997,-27.33716850160815,11.728261,4,2,"P=23.09h, Amp=1.82mag, CVprob=0.98, Bulge"
TIC 1608244464.0,9090078004363,272.6433852793812,-26.396651224904154,16.105736999999998,4,2,"P=11.94h, Amp=1.59mag, CVprob=0.98, Bulge"
TIC 1606460741.0,9147410004243,271.55002570866395,-26.99446518833133,15.183744,3,2,"P=49.81h, Amp=0.28mag, CVprob=0.98, Bulge"
TIC 1605863410.0,9208840003405,270.7605008779022,-27.60783462627181,16.176941,3,2,"P=24.75h, Amp=0.88mag, CVprob=0.98, Bulge"
TIC 1606060765.0,9171979010375,270.9779953794397,-27.233830659673927,14.086356,3,2,"P=3.75h, Amp=0.52mag, CVprob=0.98, Bulge"
TIC 268095906.0,8954917000948,273.27967474912214,-25.039689111905336,13.86105,3,2,"P=3.71h, Amp=0.43mag, CVprob=0.98, Bulge"
TIC 1604651506.0,9249807009419,271.34911064593234,-28.0268201129339,15.082895,3,2,"P=51.87h, Amp=0.61mag, CVprob=0.98, Bulge"
TIC 1604904087.0,9233421001358,271.1842002188489,-27.86480452148739,13.668265,3,2,"P=5.99h, Amp=0.67mag, CVprob=0.98, Bulge"
TIC 514389807.0,8856611021880,273.15733148153765,-24.05229613189484,16.169918,3,2,"P=24.57h, Amp=0.80mag, CVprob=0.98, Bulge"
TIC 1611837926.0,8909861001599,273.2529878662905,-24.606756817166072,15.394645,3,2,"P=133.88h, Amp=0.46mag, CVprob=0.98, Bulge"
TIC 268095906.0,8954917000948,273.27967474912214,-25.039689111905336,13.86105,3,2,"P=3.71h, Amp=0.43mag, CVprob=0.98, Bulge"
TIC 1603942792.0,9307136007267,270.0332443439982,-28.652288243642424,14.881091,3,2,"P=31.22h, Amp=0.58mag, CVprob=0.98, Bulge"
TIC 1606060765.0,9171979010375,270.9779953794397,-27.233830659673927,14.086356,3,2,"P=3.75h, Amp=0.52mag, CVprob=0.98, Bulge"
TIC 1604038721.0,9278472000045,270.69957219606164,-28.317077459607383,13.974519,3,2,"P=0.24h, Amp=0.89mag, CVprob=0.98, Bulge"
TIC 268095906.0,8954917000948,273.27967474912214,-25.039689111905336,13.86105,3,2,"P=3.71h, Amp=0.43mag, CVprob=0.98, Bulge"
TIC 249456073.0,9085983000430,272.7843518252746,-26.384871840992773,14.169666,3,2,"P=100.37h, Amp=0.70mag, CVprob=0.98, Bulge"
TIC 244813811.0,8786996020239,274.55942381805073,-23.33675998720076,11.585516,3,2,"P=72.21h, Amp=0.29mag, CVprob=0.98, Bulge"
TIC 1609498332.0,9012250000480,272.310894630117,-25.6147123378016,14.705014,3,2,"P=76.64h, Amp=0.80mag, CVprob=0.98, Bulge"
TIC 1605924437.0,9200647002695,270.64539062340754,-27.517190532749996,14.511394,3,2,"P=24.34h, Amp=0.56mag, CVprob=0.98, Bulge"
TIC 1610074833.0,8950817003977,272.89780586272843,-24.97077947010242,14.966258,3,2,"P=90.91h, Amp=0.89mag, CVprob=0.98, Bulge"
TIC 1604921409.0,9241611002694,271.0073782238608,-27.929889320073293,14.739474,3,2,"P=36.61h, Amp=0.52mag, CVprob=0.98, Bulge"
TIC 268095906.0,8954917000948,273.27967474912214,-25.039689111905336,13.86105,3,2,"P=3.71h, Amp=0.43mag, CVprob=0.98, Bulge"
TIC 1609672894.0,8999970003514,272.9949023126128,-25.50164417628672,14.923064,3,2,"P=28.81h, Amp=0.22mag, CVprob=0.98, Bulge"
TIC 1604262972.0,9253893003108,270.46802332410897,-28.09342798215477,16.212792999999998,3,2,"P=34.48h, Amp=0.65mag, CVprob=0.98, Bulge"
TIC 268095906.0,8954917000948,273.27967474912214,-25.039689111905336,13.86105,3,2,"P=3.71h, Amp=0.43mag, CVprob=0.98, Bulge"
TIC 249402249.0,8877088007998,272.8113561031156,-24.237632282979284,11.578083,3,2,"P=0.49h, Amp=0.34mag, CVprob=0.98, Bulge"
TIC 1604055601.0,9274378005473,270.9320153479641,-28.304861754708664,15.546193,3,2,"P=46.46h, Amp=0.87mag, CVprob=0.98, Bulge"
TIC 1605596541.0,9163794003532,271.57312616783577,-27.13309909116675,14.334932,3,2,"P=103.83h, Amp=0.17mag, CVprob=0.98, Bulge"
TIC 1610074833.0,8950817003977,272.89780586272843,-24.97077947010242,14.966258,3,2,"P=90.92h, Amp=0.89mag, CVprob=0.98, Bulge"
TIC 1425341917.0,9421817030467,269.4417879223077,-29.79905549686679,15.236589,3,2,"P=31.39h, Amp=0.48mag, CVprob=0.98, Bulge"
TIC 167162666.0,8651836074995,275.35089137798093,-22.02332618461887,11.271028,3,2,"P=29.00h, Amp=0.44mag, CVprob=0.98, Bulge"
TIC 1606580935.0,9131029002124,271.8625184386698,-26.79620488096487,15.594076,3,2,"P=33.37h, Amp=0.33mag, CVprob=0.98, Bulge"
TIC 443985063.0,9233428001097,271.77675844896805,-27.863919461312268,13.289753,3,2,"P=22.37h, Amp=0.97mag, CVprob=0.98, Bulge"
TIC 1611837438.0,8913956003004,273.2121463202274,-24.610653915462446,16.313361,3,2,"P=61.10h, Amp=0.46mag, CVprob=0.98, Bulge"
TIC 268095906.0,8954917000948,273.27967474912214,-25.039689111905336,13.86105,3,2,"P=3.71h, Amp=0.43mag, CVprob=0.98, Bulge"
TIC 1611632054.0,8926248002393,273.5097099365943,-24.73132066802048,15.457122,3,2,"P=38.83h, Amp=0.37mag, CVprob=0.98, Bulge"
TIC 248541966.0,9016344001242,272.1045176081554,-25.684202992766828,12.909075,3,2,"P=35.25h, Amp=0.12mag, CVprob=0.98, Bulge"
TIC 117716490.0,8840229001851,273.27866068171136,-23.88755887806167,12.363859,3,2,"P=41.00h, Amp=0.33mag, CVprob=0.98, Bulge"
TIC 377461988.0,9053217003555,272.9227343874402,-26.0391440596601,11.786701,3,2,"P=0.79h, Amp=0.33mag, CVprob=0.98, Bulge"
TIC 406469246.0,9323531000305,270.9795464529563,-28.799746878377903,12.135934,3,2,"P=37.91h, Amp=0.21mag, CVprob=0.98, Bulge"
TIC 1605596541.0,9163794003532,271.57312616783577,-27.13309909116675,14.334932,3,2,"P=103.83h, Amp=0.17mag, CVprob=0.98, Bulge"
TIC 406465118.0,9352203009683,270.93417547916147,-29.0944221012262,15.614648,3,2,"P=28.22h, Amp=0.81mag, CVprob=0.98, Bulge"
TIC 166480800.0,8668218000570,275.1490597782048,-22.163387623689168,12.067478,3,2,"P=60.39h, Amp=0.27mag, CVprob=0.98, Bulge"
TIC 268095906.0,8954917000948,273.27967474912214,-25.039689111905336,13.86105,3,2,"P=3.71h, Amp=0.43mag, CVprob=0.98, Bulge"
TIC 117716490.0,8840229001851,273.27866068171136,-23.88755887806167,12.363859,3,2,"P=41.00h, Amp=0.33mag, CVprob=0.98, Bulge"
TIC 1606508738.0,9139215000157,271.3340084638044,-26.91925665598976,15.586271,3,2,"P=5.99h, Amp=0.84mag, CVprob=0.98, Bulge"
TIC 1603235248.0,9393154003400,270.1412864195482,-29.52436514835424,12.829511,3,2,"P=45.24h, Amp=0.72mag, CVprob=0.98, Bulge"
TIC 1604268841.0,9257987000940,270.3198919592971,-28.125039428926968,15.302743,3,2,"P=26.79h, Amp=0.42mag, CVprob=0.98, Bulge"
TIC 1606671961.0,9106451001201,271.66116969205245,-26.547955488596525,15.053548,3,2,"P=35.38h, Amp=0.30mag, CVprob=0.98, Bulge"
TIC 1609672894.0,8999970003514,272.9949023126128,-25.50164417628672,14.923064,3,2,"P=28.81h, Amp=0.22mag, CVprob=0.98, Bulge"
TIC 1606035675.0,9167886002510,271.2948322807284,-27.201133300304026,15.763761,3,2,"P=4.79h, Amp=0.95mag, CVprob=0.98, Bulge"
TIC 1609861634.0,8963109025369,273.2983034148755,-25.13027236943552,14.303452,3,2,"P=29.07h, Amp=0.52mag, CVprob=0.98, Bulge"
TIC 1611793714.0,8938531003436,273.11494151493537,-24.861938365113524,14.797547,3,2,"P=59.92h, Amp=0.58mag, CVprob=0.98, Bulge"
TIC 1609229761.0,9040923001095,272.34959817411163,-25.88534829846574,14.919488,3,2,"P=0.24h, Amp=0.90mag, CVprob=0.98, Bulge"
TIC 407285748.0,9208845000989,271.19288526785243,-27.630485819122445,12.277152,3,2,"P=4.79h, Amp=0.68mag, CVprob=0.98, Bulge"
TIC 248587432.0,9159703009007,272.0608144661668,-27.147054526637486,13.697156,3,2,"P=81.67h, Amp=0.13mag, CVprob=0.98, Bulge"
TIC 244506038.0,8619057006063,274.3726196129589,-21.6940089540031,11.432418,3,2,"P=82.37h, Amp=0.28mag, CVprob=0.98, Bulge"
TIC 1605729227.0,9143319001435,272.0500564557523,-26.94760984212204,16.001398000000002,3,2,"P=6.43h, Amp=0.99mag, CVprob=0.98, Bulge"
TIC 1611717179.0,8926250009227,273.6890864839584,-24.71135004495464,16.070511,3,2,"P=95.67h, Amp=0.90mag, CVprob=0.98, Bulge"
TIC 1605596541.0,9163794003532,271.57312616783577,-27.13309909116675,14.334932,3,2,"P=103.81h, Amp=0.17mag, CVprob=0.98, Bulge"
TIC 1606060765.0,9171979010375,270.9779953794397,-27.233830659673927,14.086356,3,2,"P=3.75h, Amp=0.52mag, CVprob=0.98, Bulge"
TIC 166725811.0,8651835035518,275.2102493444553,-22.002126793281985,11.430342,3,2,"P=143.85h, Amp=0.33mag, CVprob=0.98, Bulge"
TIC 406985534.0,9180172000646,271.047464377692,-27.333360503782067,12.723119,3,2,"P=24.55h, Amp=0.15mag, CVprob=0.98, Bulge"
TIC 1609770728.0,8995874017540,273.0367779242627,-25.427617127980685,15.0952835,3,2,"P=65.81h, Amp=0.71mag, CVprob=0.98, Bulge"
TIC 1606775701.0,9118733002534,271.1856509571698,-26.68404192730904,15.520453,3,2,"P=35.81h, Amp=0.45mag, CVprob=0.98, Bulge"
TIC 443931067.0,9118739000826,271.7102293901456,-26.657788421756837,13.67793,3,2,"P=0.24h, Amp=0.91mag, CVprob=0.98, Bulge"
TIC 1606724266.0,9085972003771,271.77150328663976,-26.351431637340934,16.010839,3,2,"P=27.59h, Amp=0.80mag, CVprob=0.98, Bulge"
TIC 1611525340.0,8950824014222,273.5279199561767,-25.0132541018762,14.792163,3,2,"P=39.17h, Amp=0.59mag, CVprob=0.98, Bulge"
TIC 1614043667.0,8786991062640,274.094224338045,-23.3550610845998,15.693981,3,2,"P=46.01h, Amp=0.67mag, CVprob=0.98, Bulge"
TIC 244506348.0,8619056044766,274.2821119273057,-21.72121501633537,11.647522,3,2,"P=27.65h, Amp=0.31mag, CVprob=0.98, Bulge"
TIC 1604962756.0,9225228006304,271.10038030960465,-27.75589627975335,13.892696,3,2,"P=112.70h, Amp=0.53mag, CVprob=0.98, Bulge"
TIC 1611726976.0,8918059000478,273.77950683248656,-24.64611031420178,14.690207,3,2,"P=121.40h, Amp=0.24mag, CVprob=0.98, Bulge"
TIC 1606938512.0,9073681005200,271.5095955381505,-26.25328232340665,14.857092,3,2,"P=75.62h, Amp=0.67mag, CVprob=0.98, Bulge"
TIC 244291999.0,8778801038064,274.2782758840898,-23.26299911817349,10.819525,3,2,"P=33.82h, Amp=0.41mag, CVprob=0.98, Bulge"
TIC 1604281350.0,9249795000692,270.294078516228,-28.058698950683556,15.259909,3,2,"P=54.31h, Amp=0.70mag, CVprob=0.98, Bulge"
TIC 1608102793.0,9110553000270,272.2214823106991,-26.605778316014685,15.455601,3,2,"P=22.37h, Amp=0.90mag, CVprob=0.98, Bulge"
TIC 1606709281.0,9090069006494,271.8550013488418,-26.427863238726346,14.870689,3,2,"P=62.13h, Amp=0.66mag, CVprob=0.98, Bulge"
TIC 1605785756.0,9122840009126,272.09367237862006,-26.75738138360705,15.775088,3,2,"P=4.92h, Amp=0.95mag, CVprob=0.98, Bulge"
TIC 244594741.0,8725554015560,274.42845682746,-22.726962390050907,14.755465,3,2,"P=35.25h, Amp=0.76mag, CVprob=0.98, Bulge"
TIC 405878641.0,9192455001324,270.6759609941091,-27.453033623496392,13.80946,3,2,"P=4.81h, Amp=0.94mag, CVprob=0.98, Bulge"
TIC 249048713.0,9102363000044,272.4236153271225,-26.53577592617597,12.994316,3,2,"P=59.21h, Amp=0.56mag, CVprob=0.98, Bulge"
TIC 1609895407.0,8995868004431,272.5329007264916,-25.460810640387848,14.62196,3,2,"P=0.24h, Amp=0.97mag, CVprob=0.98, Bulge"
TIC 1606735813.0,9135115003230,271.03239880005515,-26.87575587013801,14.453726,3,2,"P=15.27h, Amp=0.64mag, CVprob=0.98, Bulge"
TIC 248544716.0,9040920009033,272.10408633064566,-25.909134157684004,13.736883,3,2,"P=29.15h, Amp=0.27mag, CVprob=0.98, Bulge"
TIC 1606427631.0,9159696012246,271.4473196192897,-27.14557105347153,15.54588,3,2,"P=26.79h, Amp=0.82mag, CVprob=0.98, Bulge"
TIC 248589077.0,9176087009594,272.09633773189034,-27.278130147506197,11.285141,3,2,"P=5.54h, Amp=0.36mag, CVprob=0.98, Bulge"
TIC 1609170746.0,9057310003843,272.6295749255379,-26.068450833885077,15.065947,3,2,"P=39.72h, Amp=1.00mag, CVprob=0.98, Bulge"
TIC 249456073.0,9085983000430,272.7843518252746,-26.384871840992773,14.169666,3,2,"P=100.37h, Amp=0.70mag, CVprob=0.98, Bulge"
TIC 407098767.0,9311245000233,271.1424723382686,-28.664348956810656,11.737079,3,2,"P=26.38h, Amp=0.34mag, CVprob=0.98, Bulge"
TIC 378128307.0,8918058028326,273.68439093034635,-24.682746242240544,11.193571,3,2,"P=24.11h, Amp=0.38mag, CVprob=0.98, Bulge"
TIC 1606110362.0,9155595011040,270.9663072881733,-27.03804013023563,15.879569,3,2,"P=34.52h, Amp=0.75mag, CVprob=0.98, Bulge"
TIC 1609919435.0,8987678000656,272.68689297137524,-25.38467345045929,15.301839,3,2,"P=44.53h, Amp=0.71mag, CVprob=0.98, Bulge"
TIC 249456073.0,9085983000430,272.7843518252746,-26.384871840992773,14.169666,3,2,"P=50.18h, Amp=0.70mag, CVprob=0.98, Bulge"
TIC 244795788.0,8614964011360,274.5383441150371,-21.671063473586106,11.740608,3,2,"P=27.00h, Amp=0.24mag, CVprob=0.98, Bulge"
TIC 249082320.0,8946716000438,272.48678885738457,-24.95798176573461,12.417363,3,2,"P=25.95h, Amp=0.33mag, CVprob=0.98, Bulge"
TIC 1439115232.0,9315327013719,269.9765975932272,-28.72259020440246,13.6486635,3,2,"P=92.00h, Amp=0.12mag, CVprob=0.98, Bulge"
TIC 1604780739.0,9233425001723,271.5458265239714,-27.88627093317149,15.3605175,3,2,"P=62.19h, Amp=0.53mag, CVprob=0.98, Bulge"
TIC 1606094818.0,9159693000690,271.1997530518655,-27.08961637779657,14.848907,3,2,"P=32.09h, Amp=0.74mag, CVprob=0.98, Bulge"
TIC 1605997906.0,9184267005518,271.0197520592995,-27.33936158086464,15.596401,3,2,"P=32.95h, Amp=0.90mag, CVprob=0.98, Bulge"
TIC 1609116467.0,9057303006929,271.99200983971787,-26.0613268703156,15.446611,3,2,"P=40.06h, Amp=0.95mag, CVprob=0.98, Bulge"
TIC 1604288464.0,9253894001483,270.52875260319325,-28.0542903075388,14.962561,3,2,"P=0.24h, Amp=0.68mag, CVprob=0.98, Bulge"
TIC 1603235248.0,9393154003400,270.1412864195482,-29.52436514835424,12.829511,3,2,"P=45.24h, Amp=0.72mag, CVprob=0.98, Bulge"
TIC 243974673.0,8815659014087,273.8043813417429,-23.63807305438782,14.716768,3,2,"P=9.76h, Amp=0.56mag, CVprob=0.98, Bulge"
TIC 117716490.0,8840229001851,273.27866068171136,-23.88755887806167,12.363859,3,2,"P=142.76h, Amp=0.33mag, CVprob=0.98, Bulge"
TIC 1424951474.0,9466871040642,269.2006735825838,-30.268986990685995,15.363585,3,2,"P=96.72h, Amp=0.82mag, CVprob=0.98, Bulge"
TIC 243944500.0,8746028007854,273.86859904173474,-22.960373124148347,11.343202,3,2,"P=71.63h, Amp=0.26mag, CVprob=0.98, Bulge"
TIC 1611793714.0,8938531003436,273.11494151493537,-24.861938365113524,14.797547,3,2,"P=59.92h, Amp=0.58mag, CVprob=0.98, Bulge"
TIC 137723070.0,9405438000393,269.8642979905258,-29.65762062120633,13.445562,3,2,"P=8.87h, Amp=0.61mag, CVprob=0.98, Bulge"
TIC 195872194.0,9421825042390,270.1044585243423,-29.814111415455432,11.882714,3,2,"P=0.18h, Amp=0.55mag, CVprob=0.98, Bulge"
TIC 1606709692.0,9090069009968,271.8829229140154,-26.403904574511653,14.291428,3,2,"P=31.67h, Amp=0.61mag, CVprob=0.98, Bulge"
TIC 1605653314.0,9155609000005,272.2133809759066,-27.093117269396284,15.331141,3,2,"P=34.21h, Amp=0.87mag, CVprob=0.98, Bulge"
TIC 1612008650.0,8860713000394,273.60682536991163,-24.05469992138361,14.932161,3,2,"P=28.09h, Amp=0.39mag, CVprob=0.98, Bulge"
TIC 1614043667.0,8786991062640,274.094224338045,-23.3550610845998,15.693981,3,2,"P=46.01h, Amp=0.67mag, CVprob=0.98, Bulge"
TIC 1613229663.0,8918043000006,272.3987633147756,-24.679196382171604,15.215832,3,2,"P=52.00h, Amp=0.71mag, CVprob=0.98, Bulge"
TIC 406978671.0,9135116011345,271.0968534960643,-26.84081447949602,11.741001,3,2,"P=35.88h, Amp=0.36mag, CVprob=0.98, Bulge"
TIC 1605747642.0,9135126000354,271.9774874222801,-26.892906683444668,14.691067,3,2,"P=26.45h, Amp=0.54mag, CVprob=0.98, Bulge"
TIC 1608198082.0,9085983003281,272.7514536772652,-26.383634721288704,14.737157,3,2,"P=29.83h, Amp=0.61mag, CVprob=0.98, Bulge"
TIC 1425122854.0,9434106005438,269.4540066438737,-29.9641438671022,14.980152,3,2,"P=49.76h, Amp=0.64mag, CVprob=0.98, Bulge"
TIC 1604042869.0,9282570003591,270.95995368640143,-28.371728796764224,15.600565,3,2,"P=34.35h, Amp=0.67mag, CVprob=0.98, Bulge"
TIC 1424951474.0,9466871040642,269.2006735825838,-30.268986990685995,15.363585,3,2,"P=48.36h, Amp=0.82mag, CVprob=0.98, Bulge"
TIC 1603748830.0,9298958010490,271.2709150342604,-28.54082521557825,15.647248,3,2,"P=24.64h, Amp=0.39mag, CVprob=0.98, Bulge"
TIC 1425114297.0,9438201002294,269.4227869137868,-30.03374748977452,12.542198,3,2,"P=36.97h, Amp=0.13mag, CVprob=0.98, Bulge"
TIC 1605562539.0,9188370003443,271.56236428742216,-27.386008221750167,15.726538,3,2,"P=30.32h, Amp=0.91mag, CVprob=0.98, Bulge"
TIC 1606787298.0,9106447001943,271.34305376119664,-26.556023609877528,14.48707,3,2,"P=23.09h, Amp=0.80mag, CVprob=0.98, Bulge"
TIC 1604077220.0,9266185011304,270.84106991259574,-28.191629749409547,14.584704,3,2,"P=95.20h, Amp=0.33mag, CVprob=0.98, Bulge"
TIC 1608128878.0,9098269002510,272.5061859818712,-26.485582690934905,15.541675,3,2,"P=44.72h, Amp=0.45mag, CVprob=0.98, Bulge"
TIC 118625103.0,8750120004292,273.5509214415493,-23.00569879719756,11.928183,3,2,"P=59.50h, Amp=0.28mag, CVprob=0.98, Bulge"
TIC 196494066.0,9413638037576,270.553029357866,-29.75168352108758,11.724889,3,2,"P=58.69h, Amp=0.33mag, CVprob=0.98, Bulge"
TIC 378246692.0,8930346003025,273.74167368186363,-24.781794994917444,12.696405,3,2,"P=62.20h, Amp=0.37mag, CVprob=0.98, Bulge"
TIC 117728990.0,8741927009252,273.46245542180026,-22.93386054159993,11.81024,3,2,"P=54.84h, Amp=0.28mag, CVprob=0.98, Bulge"
TIC 260577636.0,9470968019806,269.3552921775777,-30.32141197284005,13.61131,3,2,"P=36.70h, Amp=0.39mag, CVprob=0.98, Bulge"
TIC 1611899418.0,8905768007031,273.58932287569144,-24.54222936255861,14.471137,3,2,"P=24.64h, Amp=0.32mag, CVprob=0.98, Bulge"
TIC 118623368.0,8737833000446,273.6199782207099,-22.86108413269075,11.973787,3,2,"P=65.07h, Amp=0.24mag, CVprob=0.98, Bulge"
TIC 1604600354.0,9274380000763,271.09225104444226,-28.25945366697348,14.183861,3,2,"P=66.00h, Amp=0.44mag, CVprob=0.98, Bulge"
TIC 406571579.0,9192458000196,270.9472271799028,-27.45146714770196,13.39087,3,2,"P=4.79h, Amp=0.62mag, CVprob=0.98, Bulge"
TIC 1611896563.0,8885284000969,273.16329259709903,-24.31151073694361,14.885032,3,2,"P=78.90h, Amp=0.57mag, CVprob=0.98, Bulge"
TIC 1605709652.0,9135130008274,272.3088044074192,-26.87059066526133,14.760727,3,2,"P=39.92h, Amp=0.79mag, CVprob=0.98, Bulge"
TIC 1613107117.0,8954905010923,272.26809221962515,-25.03945879940669,15.646208,3,2,"P=51.45h, Amp=0.75mag, CVprob=0.98, Bulge"
TIC 244589356.0,8774707005449,274.4923248714489,-23.23079476756522,12.088959,3,2,"P=38.22h, Amp=0.21mag, CVprob=0.98, Bulge"
TIC 249082320.0,8946716000438,272.48678885738457,-24.95798176573461,12.417363,3,2,"P=25.95h, Amp=0.33mag, CVprob=0.98, Bulge"
TIC 1605562539.0,9188370003443,271.56236428742216,-27.386008221750167,15.726538,3,2,"P=30.32h, Amp=0.91mag, CVprob=0.98, Bulge"
TIC 1610124316.0,8930337000572,272.94238309397053,-24.78140669175441,15.453957,3,2,"P=49.41h, Amp=0.49mag, CVprob=0.98, Bulge"
TIC 1603349766.0,9380865003862,270.1255797057689,-29.36366586840024,12.151751,3,2,"P=67.66h, Amp=0.21mag, CVprob=0.98, Bulge"
TIC 1605602723.0,9167891001445,271.6910333284558,-27.198083359537318,14.892853,3,2,"P=86.69h, Amp=0.47mag, CVprob=0.98, Bulge"
TIC 268246226.0,8930342030668,273.40466510868777,-24.779287331251734,11.343492,3,2,"P=121.32h, Amp=0.41mag, CVprob=0.98, Bulge"
TIC 1605747642.0,9135126000354,271.9774874222801,-26.892906683444668,14.691067,3,2,"P=25.13h, Amp=0.54mag, CVprob=0.98, Bulge"
TIC 407810302.0,9307151008490,271.3648272004553,-28.60509924017003,11.543076,3,2,"P=49.20h, Amp=0.38mag, CVprob=0.98, Bulge"
TIC 244505852.0,8619057107202,274.3380410323247,-21.67891469812544,10.9062605,3,2,"P=37.80h, Amp=0.48mag, CVprob=0.98, Bulge"
TIC 1603225821.0,9401346006872,270.16036609297265,-29.63476129634376,14.766484,3,2,"P=49.34h, Amp=0.71mag, CVprob=0.98, Bulge"
TIC 1604618460.0,9266191003532,271.353250859602,-28.218673154812315,14.501974,3,2,"P=1.35h, Amp=0.97mag, CVprob=0.98, Bulge"
TIC 443933898.0,9135124001348,271.7917079301602,-26.860899457667013,13.395539,3,2,"P=54.02h, Amp=0.36mag, CVprob=0.98, Bulge"
TIC 249456073.0,9085983000430,272.7843518252746,-26.384871840992773,14.169666,3,2,"P=50.18h, Amp=0.70mag, CVprob=0.98, Bulge"
TIC 244588846.0,8778803108903,274.4915722367525,-23.276903843667814,11.1777,3,2,"P=41.44h, Amp=0.39mag, CVprob=0.98, Bulge"
TIC 195221724.0,9380864001855,270.0204412627256,-29.38560826973363,11.69105,3,2,"P=4.28h, Amp=0.28mag, CVprob=0.98, Bulge"
TIC 406472201.0,9303052005251,271.0133766657112,-28.589628749188662,11.888966,3,2,"P=0.53h, Amp=0.34mag, CVprob=0.98, Bulge"
TIC 1605147092.0,9184271001606,271.3743053091738,-27.349209378697225,15.025402,3,2,"P=38.14h, Amp=0.51mag, CVprob=0.98, Bulge"
TIC 1606668839.0,9110546001798,271.5898480746056,-26.602714300223788,15.529182,3,2,"P=32.82h, Amp=0.88mag, CVprob=0.98, Bulge"
TIC 1589138531.0,9434113008045,270.1020147551193,-29.937606529238536,13.764132,3,2,"P=41.50h, Amp=0.24mag, CVprob=0.98, Bulge"
TIC 165232293.0,8680501056503,274.6673519949824,-22.3224102766072,11.55795,3,2,"P=71.60h, Amp=0.29mag, CVprob=0.98, Bulge"
TIC 443933898.0,9135124001348,271.7917079301602,-26.860899457667013,13.395539,3,2,"P=54.02h, Amp=0.36mag, CVprob=0.98, Bulge"
TIC 244265292.0,8795183018301,274.1143885005086,-23.46406842456482,12.152534,3,2,"P=93.35h, Amp=0.19mag, CVprob=0.98, Bulge"
TIC 262800966.0,9446398016284,269.8508893996847,-30.098188306029737,14.0671,3,2,"P=36.00h, Amp=0.46mag, CVprob=0.98, Bulge"
TIC 248839539.0,8987674001339,272.33386487864163,-25.34514860474189,13.958509,3,2,"P=58.59h, Amp=0.27mag, CVprob=0.98, Bulge"
TIC 1438849227.0,9401341005639,269.72262916936074,-29.6054062508058,15.251339,3,2,"P=59.14h, Amp=0.77mag, CVprob=0.98, Bulge"
TIC 1605653314.0,9155609000005,272.2133809759066,-27.093117269396284,15.331141,3,2,"P=68.42h, Amp=0.87mag, CVprob=0.98, Bulge"
TIC 1630355473.0,8733741012847,273.9949074091739,-22.86727098713978,15.469595,3,2,"P=30.76h, Amp=0.66mag, CVprob=0.98, Bulge"
TIC 407366360.0,9135118004096,271.26278559595033,-26.884591226972944,14.42943,3,2,"P=51.29h, Amp=0.20mag, CVprob=0.98, Bulge"
TIC 1626794184.0,8782900017455,274.59720224516377,-23.333321237267317,12.056858,3,2,"P=147.61h, Amp=0.27mag, CVprob=0.98, Bulge"
TIC 244592831.0,8741939012028,274.51877106921705,-22.904606115432166,12.097155,3,2,"P=147.59h, Amp=0.17mag, CVprob=0.98, Bulge"
TIC 244310756.0,8602672000024,274.2557288279219,-21.570870082052,11.805564,3,2,"P=24.99h, Amp=0.29mag, CVprob=0.98, Bulge"
TIC 1608008894.0,9131036001270,272.4383674478778,-26.828697616729173,15.328118,3,2,"P=34.42h, Amp=0.87mag, CVprob=0.98, Bulge"
TIC 1631093275.0,8627253091217,274.71842842737254,-21.78835972710877,15.678322,3,2,"P=56.13h, Amp=0.58mag, CVprob=0.98, Bulge"
TIC 1604780739.0,9233425001723,271.5458265239714,-27.88627093317149,15.3605175,3,2,"P=31.09h, Amp=0.53mag, CVprob=0.98, Bulge"
TIC 261610185.0,9438201008165,269.4136686780094,-29.98209824775757,13.5114155,3,2,"P=27.68h, Amp=0.19mag, CVprob=0.98, Bulge"
TIC 378243300.0,8901675001005,273.7394892230118,-24.504371388151934,11.175898,3,2,"P=6.15h, Amp=0.34mag, CVprob=0.98, Bulge"
TIC 249049066.0,9098268009829,272.4794957438814,-26.507392660733085,13.7567425,3,2,"P=11.94h, Amp=0.64mag, CVprob=0.98, Bulge"
TIC 1603987902.0,9286660007239,270.3455606848614,-28.43350244411647,15.627674,3,2,"P=107.85h, Amp=0.53mag, CVprob=0.98, Bulge"
